RA       DEC      Dist        nH
   72.7711 -69.4376   2.6580    3.24E+21
   72.8595 -69.3610   2.6227    3.44E+21
   72.9470 -69.2843   2.5899    3.46E+21
   73.0337 -69.2075   2.5596    3.32E+21
   73.1196 -69.1307   2.5319    3.01E+21
   73.2047 -69.0537   2.5070    2.66E+21
   73.2891 -68.9767   2.4848    2.23E+21
   73.3726 -68.8996   2.4655    1.96E+21
   73.4554 -68.8224   2.4491    1.89E+21
   73.5374 -68.7452   2.4357    1.99E+21
   73.6186 -68.6678   2.4253    2.17E+21
   73.6991 -68.5904   2.4180    2.35E+21
   73.7788 -68.5129   2.4137    2.43E+21
   73.8578 -68.4354   2.4125    2.37E+21
   73.9361 -68.3577   2.4144    2.24E+21
   74.0136 -68.2800   2.4194    2.06E+21
   74.0905 -68.2022   2.4274    1.93E+21
   74.1666 -68.1244   2.4384    1.85E+21
   74.2420 -68.0464   2.4524    1.84E+21
   74.3167 -67.9684   2.4694    1.87E+21
   74.3908 -67.8904   2.4892    1.82E+21
   74.4641 -67.8122   2.5117    1.74E+21
   74.5368 -67.7340   2.5370    1.64E+21
   74.6088 -67.6557   2.5649    1.55E+21
   74.6801 -67.5774   2.5953    1.44E+21
   74.7508 -67.4990   2.6282    1.30E+21
   74.8208 -67.4205   2.6634    1.21E+21
   74.8902 -67.3419   2.7009    1.18E+21
   74.9589 -67.2633   2.7406    1.20E+21
   75.0270 -67.1846   2.7823    1.30E+21
   75.0945 -67.1059   2.8260    1.34E+21
   75.1614 -67.0271   2.8716    1.32E+21
   75.2276 -66.9482   2.9189    1.25E+21
   75.2933 -66.8693   2.9680    1.19E+21
   75.3583 -66.7903   3.0187    1.11E+21
   75.4227 -66.7112   3.0709    1.10E+21
   75.4865 -66.6321   3.1246    1.14E+21
   75.5498 -66.5529   3.1797    1.17E+21
   75.6124 -66.4737   3.2361    1.21E+21
   75.6745 -66.3944   3.2937    1.26E+21
   75.7360 -66.3150   3.3525    1.28E+21
   75.7970 -66.2356   3.4124    1.32E+21
   75.8574 -66.1562   3.4734    1.53E+21
   75.9172 -66.0766   3.5354    1.69E+21
   75.9764 -65.9970   3.5983    1.87E+21
   76.0352 -65.9174   3.6622    2.01E+21
   76.0934 -65.8377   3.7268    2.06E+21
   76.1510 -65.7580   3.7923    2.05E+21
   76.2081 -65.6781   3.8586    1.98E+21
   76.2647 -65.5983   3.9256    1.84E+21
   76.3208 -65.5184   3.9932    1.74E+21
   76.3763 -65.4384   4.0615    1.66E+21
   76.4313 -65.3584   4.1305    1.58E+21
   76.4858 -65.2783   4.2000    1.55E+21
   76.5399 -65.1982   4.2701    1.55E+21
   76.5934 -65.1180   4.3408    1.49E+21
   76.6464 -65.0378   4.4119    1.34E+21
   76.6989 -64.9575   4.4835    1.14E+21
   76.7509 -64.8771   4.5556    9.36E+20
   76.8025 -64.7968   4.6281    7.83E+20
   72.9394 -69.5156   2.6050    2.65E+21
   73.0276 -69.4389   2.5675    3.05E+21
   73.1149 -69.3621   2.5323    3.22E+21
   73.2015 -69.2853   2.4997    3.27E+21
   73.2872 -69.2083   2.4698    3.14E+21
   73.3722 -69.1313   2.4426    2.82E+21
   73.4563 -69.0542   2.4182    2.48E+21
   73.5397 -68.9770   2.3966    2.15E+21
   73.6223 -68.8997   2.3781    1.94E+21
   73.7041 -68.8224   2.3625    1.94E+21
   73.7851 -68.7450   2.3501    2.07E+21
   73.8654 -68.6675   2.3407    2.20E+21
   73.9450 -68.5899   2.3346    2.29E+21
   74.0238 -68.5122   2.3316    2.34E+21
   74.1019 -68.4345   2.3318    2.31E+21
   74.1793 -68.3567   2.3351    2.18E+21
   74.2559 -68.2788   2.3417    1.98E+21
   74.3318 -68.2009   2.3514    1.88E+21
   74.4071 -68.1229   2.3641    1.86E+21
   74.4816 -68.0448   2.3799    1.88E+21
   74.5554 -67.9666   2.3987    1.86E+21
   74.6286 -67.8884   2.4204    1.77E+21
   74.7010 -67.8101   2.4449    1.63E+21
   74.7728 -67.7318   2.4721    1.52E+21
   74.8440 -67.6533   2.5020    1.47E+21
   74.9144 -67.5748   2.5344    1.37E+21
   74.9843 -67.4963   2.5693    1.24E+21
   75.0534 -67.4177   2.6065    1.18E+21
   75.1220 -67.3390   2.6459    1.17E+21
   75.1899 -67.2602   2.6875    1.23E+21
   75.2571 -67.1814   2.7312    1.33E+21
   75.3238 -67.1025   2.7768    1.39E+21
   75.3898 -67.0236   2.8242    1.41E+21
   75.4552 -66.9446   2.8734    1.39E+21
   75.5200 -66.8655   2.9242    1.43E+21
   75.5842 -66.7864   2.9767    1.42E+21
   75.6479 -66.7072   3.0306    1.34E+21
   75.7109 -66.6279   3.0859    1.33E+21
   75.7733 -66.5486   3.1426    1.26E+21
   75.8352 -66.4692   3.2006    1.25E+21
   75.8965 -66.3898   3.2597    1.25E+21
   75.9572 -66.3103   3.3200    1.21E+21
   76.0174 -66.2308   3.3813    1.18E+21
   76.0770 -66.1512   3.4437    1.26E+21
   76.1360 -66.0715   3.5070    1.38E+21
   76.1945 -65.9918   3.5712    1.56E+21
   76.2525 -65.9121   3.6363    1.74E+21
   76.3099 -65.8322   3.7022    1.79E+21
   76.3668 -65.7524   3.7689    1.88E+21
   76.4232 -65.6724   3.8363    1.87E+21
   76.4790 -65.5924   3.9043    1.77E+21
   76.5343 -65.5124   3.9731    1.69E+21
   76.5891 -65.4323   4.0424    1.59E+21
   76.6434 -65.3522   4.1123    1.48E+21
   76.6972 -65.2720   4.1828    1.44E+21
   76.7505 -65.1917   4.2539    1.41E+21
   76.8033 -65.1114   4.3254    1.34E+21
   76.8556 -65.0311   4.3974    1.25E+21
   76.9074 -64.9507   4.4699    1.07E+21
   76.9587 -64.8703   4.5428    8.68E+20
   73.1088 -69.5933   2.5543    2.28E+21
   73.1969 -69.5165   2.5144    2.66E+21
   73.2841 -69.4397   2.4769    2.93E+21
   73.3705 -69.3627   2.4419    3.03E+21
   73.4560 -69.2857   2.4096    2.96E+21
   73.5408 -69.2086   2.3800    2.81E+21
   73.6248 -69.1314   2.3532    2.63E+21
   73.7079 -69.0541   2.3294    2.38E+21
   73.7903 -68.9767   2.3085    2.18E+21
   73.8720 -68.8993   2.2908    2.12E+21
   73.9529 -68.8218   2.2761    2.13E+21
   74.0330 -68.7442   2.2647    2.12E+21
   74.1123 -68.6665   2.2565    2.14E+21
   74.1910 -68.5888   2.2516    2.18E+21
   74.2688 -68.5110   2.2500    2.06E+21
   74.3460 -68.4331   2.2516    1.96E+21
   74.4224 -68.3552   2.2566    1.90E+21
   74.4982 -68.2771   2.2648    1.86E+21
   74.5732 -68.1990   2.2762    1.82E+21
   74.6475 -68.1209   2.2908    1.78E+21
   74.7211 -68.0426   2.3085    1.69E+21
   74.7941 -67.9643   2.3293    1.60E+21
   74.8663 -67.8860   2.3529    1.49E+21
   74.9379 -67.8075   2.3794    1.46E+21
   75.0089 -67.7290   2.4087    1.47E+21
   75.0791 -67.6504   2.4407    1.43E+21
   75.1487 -67.5718   2.4751    1.33E+21
   75.2177 -67.4931   2.5120    1.26E+21
   75.2860 -67.4143   2.5513    1.26E+21
   75.3537 -67.3355   2.5928    1.27E+21
   75.4207 -67.2566   2.6364    1.34E+21
   75.4872 -67.1776   2.6820    1.52E+21
   75.5530 -67.0986   2.7295    1.68E+21
   75.6182 -67.0195   2.7788    1.87E+21
   75.6828 -66.9404   2.8298    2.01E+21
   75.7468 -66.8612   2.8825    1.95E+21
   75.8102 -66.7819   2.9367    1.79E+21
   75.8730 -66.7026   2.9923    1.61E+21
   75.9352 -66.6232   3.0493    1.52E+21
   75.9968 -66.5438   3.1076    1.43E+21
   76.0579 -66.4643   3.1671    1.36E+21
   76.1184 -66.3847   3.2277    1.29E+21
   76.1783 -66.3051   3.2895    1.17E+21
   76.2377 -66.2254   3.3522    1.10E+21
   76.2965 -66.1457   3.4160    1.15E+21
   76.3548 -66.0659   3.4806    1.20E+21
   76.4125 -65.9861   3.5461    1.28E+21
   76.4697 -65.9062   3.6124    1.42E+21
   76.5264 -65.8263   3.6795    1.54E+21
   76.5825 -65.7463   3.7473    1.66E+21
   76.6381 -65.6662   3.8158    1.69E+21
   76.6932 -65.5861   3.8849    1.64E+21
   76.7478 -65.5060   3.9547    1.54E+21
   76.8019 -65.4258   4.0251    1.39E+21
   76.8554 -65.3455   4.0960    1.27E+21
   76.9085 -65.2652   4.1674    1.20E+21
   76.9610 -65.1848   4.2393    1.17E+21
   77.0131 -65.1044   4.3117    1.12E+21
   77.0647 -65.0240   4.3846    1.03E+21
   77.1158 -64.9434   4.4579    8.94E+20
   73.2796 -69.6708   2.5059    1.95E+21
   73.3674 -69.5939   2.4636    2.24E+21
   73.4545 -69.5169   2.4237    2.49E+21
   73.5407 -69.4399   2.3863    2.67E+21
   73.6260 -69.3627   2.3515    2.70E+21
   73.7106 -69.2855   2.3195    2.62E+21
   73.7944 -69.2082   2.2902    2.47E+21
   73.8774 -69.1309   2.2639    2.37E+21
   73.9596 -69.0534   2.2407    2.30E+21
   74.0411 -68.9759   2.2206    2.26E+21
   74.1217 -68.8983   2.2036    2.22E+21
   74.2016 -68.8206   2.1900    2.13E+21
   74.2808 -68.7429   2.1796    1.97E+21
   74.3592 -68.6651   2.1727    1.79E+21
   74.4369 -68.5872   2.1691    1.71E+21
   74.5139 -68.5092   2.1690    1.73E+21
   74.5901 -68.4312   2.1722    1.81E+21
   74.6656 -68.3531   2.1788    1.84E+21
   74.7404 -68.2749   2.1888    1.78E+21
   74.8145 -68.1966   2.2021    1.67E+21
   74.8880 -68.1183   2.2187    1.58E+21
   74.9607 -68.0399   2.2384    1.53E+21
   75.0327 -67.9615   2.2611    1.49E+21
   75.1041 -67.8830   2.2869    1.46E+21
   75.1748 -67.8044   2.3155    1.48E+21
   75.2449 -67.7257   2.3469    1.48E+21
   75.3142 -67.6470   2.3810    1.44E+21
   75.3830 -67.5682   2.4176    1.37E+21
   75.4511 -67.4894   2.4567    1.36E+21
   75.5185 -67.4105   2.4980    1.47E+21
   75.5854 -67.3315   2.5415    1.63E+21
   75.6516 -67.2525   2.5872    1.88E+21
   75.7172 -67.1734   2.6348    2.07E+21
   75.7821 -67.0942   2.6842    2.17E+21
   75.8465 -67.0150   2.7355    2.22E+21
   75.9102 -66.9357   2.7884    2.22E+21
   75.9734 -66.8564   2.8428    2.15E+21
   76.0360 -66.7770   2.8988    2.03E+21
   76.0980 -66.6975   2.9561    1.90E+21
   76.1594 -66.6180   3.0148    1.73E+21
   76.2202 -66.5385   3.0746    1.56E+21
   76.2805 -66.4588   3.1357    1.41E+21
   76.3402 -66.3791   3.1978    1.31E+21
   76.3993 -66.2994   3.2610    1.18E+21
   76.4579 -66.2196   3.3252    1.12E+21
   76.5160 -66.1398   3.3902    1.11E+21
   76.5735 -66.0599   3.4562    1.14E+21
   76.6304 -65.9799   3.5229    1.20E+21
   76.6869 -65.8999   3.5905    1.31E+21
   76.7428 -65.8198   3.6587    1.39E+21
   76.7981 -65.7397   3.7277    1.45E+21
   76.8530 -65.6595   3.7972    1.46E+21
   76.9073 -65.5793   3.8674    1.41E+21
   76.9612 -65.4990   3.9382    1.27E+21
   77.0145 -65.4187   4.0095    1.13E+21
   77.0673 -65.3383   4.0814    1.05E+21
   77.1196 -65.2579   4.1537    9.99E+20
   77.1715 -65.1774   4.2265    9.29E+20
   77.2228 -65.0969   4.2998    8.79E+20
   77.2737 -65.0163   4.3735    8.36E+20
   73.4516 -69.7479   2.4599    1.69E+21
   73.5392 -69.6709   2.4152    1.84E+21
   73.6261 -69.5939   2.3729    2.04E+21
   73.7121 -69.5167   2.3330    2.25E+21
   73.7973 -69.4395   2.2957    2.23E+21
   73.8817 -69.3622   2.2611    2.01E+21
   73.9653 -69.2848   2.2293    2.02E+21
   74.0481 -69.2074   2.2005    2.14E+21
   74.1301 -69.1298   2.1747    2.29E+21
   74.2113 -69.0522   2.1521    2.34E+21
   74.2918 -68.9745   2.1327    2.34E+21
   74.3715 -68.8968   2.1167    2.23E+21
   74.4504 -68.8190   2.1041    2.01E+21
   74.5286 -68.7411   2.0949    1.77E+21
   74.6061 -68.6631   2.0893    1.61E+21
   74.6829 -68.5850   2.0872    1.55E+21
   74.7589 -68.5069   2.0886    1.57E+21
   74.8342 -68.4287   2.0935    1.70E+21
   74.9088 -68.3505   2.1020    1.76E+21
   74.9827 -68.2721   2.1139    1.73E+21
   75.0559 -68.1937   2.1292    1.64E+21
   75.1284 -68.1153   2.1477    1.60E+21
   75.2002 -68.0367   2.1696    1.55E+21
   75.2713 -67.9581   2.1945    1.52E+21
   75.3418 -67.8795   2.2224    1.52E+21
   75.4116 -67.8007   2.2533    1.54E+21
   75.4808 -67.7219   2.2869    1.56E+21
   75.5493 -67.6431   2.3232    1.55E+21
   75.6172 -67.5642   2.3620    1.60E+21
   75.6844 -67.4852   2.4032    1.73E+21
   75.7510 -67.4061   2.4467    1.94E+21
   75.8170 -67.3270   2.4924    2.11E+21
   75.8823 -67.2478   2.5401    2.28E+21
   75.9471 -67.1686   2.5897    2.35E+21
   76.0112 -67.0893   2.6412    2.36E+21
   76.0747 -67.0100   2.6943    2.35E+21
   76.1377 -66.9306   2.7491    2.33E+21
   76.2000 -66.8511   2.8054    2.32E+21
   76.2618 -66.7716   2.8631    2.19E+21
   76.3229 -66.6920   2.9221    1.94E+21
   76.3835 -66.6123   2.9824    1.70E+21
   76.4436 -66.5326   3.0439    1.53E+21
   76.5030 -66.4529   3.1065    1.40E+21
   76.5619 -66.3731   3.1701    1.31E+21
   76.6203 -66.2932   3.2347    1.21E+21
   76.6781 -66.2133   3.3002    1.15E+21
   76.7353 -66.1333   3.3666    1.13E+21
   76.7921 -66.0533   3.4338    1.13E+21
   76.8483 -65.9732   3.5018    1.15E+21
   76.9039 -65.8931   3.5705    1.21E+21
   76.9590 -65.8129   3.6399    1.27E+21
   77.0137 -65.7326   3.7100    1.31E+21
   77.0678 -65.6524   3.7806    1.28E+21
   77.1213 -65.5720   3.8518    1.15E+21
   77.1744 -65.4916   3.9236    1.02E+21
   77.2270 -65.4112   3.9959    9.34E+20
   77.2791 -65.3307   4.0686    8.72E+20
   77.3307 -65.2502   4.1419    8.10E+20
   77.3818 -65.1696   4.2155    7.84E+20
   77.4324 -65.0889   4.2896    7.58E+20
   73.6249 -69.8247   2.4166    1.53E+21
   73.7123 -69.7477   2.3694    1.59E+21
   73.7990 -69.6705   2.3246    1.62E+21
   73.8848 -69.5933   2.2821    1.66E+21
   73.9698 -69.5160   2.2422    1.65E+21
   74.0539 -69.4386   2.2050    1.67E+21
   74.1373 -69.3611   2.1706    1.73E+21
   74.2199 -69.2836   2.1391    1.88E+21
   74.3017 -69.2060   2.1107    2.08E+21
   74.3827 -69.1283   2.0855    2.28E+21
   74.4630 -69.0505   2.0635    2.36E+21
   74.5425 -68.9726   2.0450    2.34E+21
   74.6212 -68.8947   2.0300    2.17E+21
   74.6992 -68.8167   2.0185    1.85E+21
   74.7765 -68.7387   2.0106    1.55E+21
   74.8530 -68.6605   2.0064    1.42E+21
   74.9288 -68.5823   2.0059    1.41E+21
   75.0039 -68.5041   2.0090    1.54E+21
   75.0782 -68.4257   2.0158    1.70E+21
   75.1519 -68.3473   2.0261    1.75E+21
   75.2249 -68.2688   2.0400    1.72E+21
   75.2972 -68.1903   2.0574    1.67E+21
   75.3687 -68.1117   2.0782    1.61E+21
   75.4397 -68.0330   2.1022    1.56E+21
   75.5099 -67.9542   2.1295    1.55E+21
   75.5795 -67.8754   2.1597    1.62E+21
   75.6484 -67.7966   2.1929    1.71E+21
   75.7167 -67.7176   2.2288    1.75E+21
   75.7843 -67.6386   2.2674    1.75E+21
   75.8513 -67.5596   2.3085    1.83E+21
   75.9177 -67.4804   2.3519    1.94E+21
   75.9834 -67.4012   2.3976    2.13E+21
   76.0485 -67.3220   2.4454    2.31E+21
   76.1130 -67.2427   2.4952    2.37E+21
   76.1769 -67.1633   2.5469    2.39E+21
   76.2402 -67.0839   2.6004    2.38E+21
   76.3029 -67.0044   2.6554    2.28E+21
   76.3650 -66.9249   2.7121    2.22E+21
   76.4265 -66.8453   2.7702    2.16E+21
   76.4874 -66.7656   2.8296    2.00E+21
   76.5478 -66.6859   2.8904    1.77E+21
   76.6076 -66.6061   2.9523    1.60E+21
   76.6668 -66.5263   3.0153    1.46E+21
   76.7254 -66.4464   3.0794    1.37E+21
   76.7836 -66.3665   3.1445    1.33E+21
   76.8411 -66.2865   3.2105    1.28E+21
   76.8981 -66.2065   3.2774    1.21E+21
   76.9546 -66.1264   3.3451    1.15E+21
   77.0105 -66.0462   3.4136    1.14E+21
   77.0660 -65.9660   3.4828    1.14E+21
   77.1208 -65.8858   3.5526    1.16E+21
   77.1752 -65.8055   3.6232    1.20E+21
   77.2291 -65.7251   3.6943    1.17E+21
   77.2824 -65.6447   3.7659    1.08E+21
   77.3352 -65.5642   3.8382    9.58E+20
   77.3876 -65.4837   3.9109    8.68E+20
   77.4394 -65.4032   3.9841    7.91E+20
   77.4908 -65.3226   4.0577    7.50E+20
   77.5416 -65.2419   4.1318    7.16E+20
   77.5920 -65.1612   4.2063    7.01E+20
   73.7994 -69.9013   2.3760    1.37E+21
   73.8867 -69.8241   2.3264    1.34E+21
   73.9731 -69.7469   2.2790    1.29E+21
   74.0587 -69.6695   2.2339    1.32E+21
   74.1435 -69.5921   2.1913    1.42E+21
   74.2275 -69.5147   2.1514    1.50E+21
   74.3106 -69.4371   2.1143    1.55E+21
   74.3930 -69.3595   2.0801    1.65E+21
   74.4746 -69.2818   2.0489    1.81E+21
   74.5554 -69.2040   2.0209    2.02E+21
   74.6354 -69.1261   1.9963    2.18E+21
   74.7147 -69.0482   1.9751    2.22E+21
   74.7932 -68.9702   1.9575    2.15E+21
   74.8710 -68.8921   1.9435    1.94E+21
   74.9480 -68.8140   1.9333    1.68E+21
   75.0243 -68.7358   1.9268    1.50E+21
   75.0999 -68.6575   1.9241    1.47E+21
   75.1747 -68.5791   1.9253    1.55E+21
   75.2488 -68.5007   1.9302    1.66E+21
   75.3223 -68.4222   1.9389    1.72E+21
   75.3950 -68.3436   1.9514    1.72E+21
   75.4670 -68.2650   1.9675    1.69E+21
   75.5384 -68.1863   1.9871    1.62E+21
   75.6091 -68.1075   2.0102    1.56E+21
   75.6791 -68.0287   2.0366    1.56E+21
   75.7484 -67.9498   2.0662    1.63E+21
   75.8171 -67.8709   2.0988    1.75E+21
   75.8851 -67.7919   2.1344    1.80E+21
   75.9525 -67.7128   2.1727    1.79E+21
   76.0193 -67.6336   2.2137    1.81E+21
   76.0854 -67.5544   2.2571    1.88E+21
   76.1509 -67.4752   2.3028    2.00E+21
   76.2157 -67.3959   2.3508    2.13E+21
   76.2800 -67.3165   2.4008    2.22E+21
   76.3436 -67.2370   2.4527    2.21E+21
   76.4067 -67.1575   2.5065    2.18E+21
   76.4691 -67.0780   2.5619    2.06E+21
   76.5310 -66.9984   2.6189    1.96E+21
   76.5922 -66.9187   2.6775    1.95E+21
   76.6529 -66.8390   2.7374    1.94E+21
   76.7130 -66.7592   2.7986    1.86E+21
   76.7725 -66.6793   2.8610    1.71E+21
   76.8315 -66.5994   2.9245    1.57E+21
   76.8899 -66.5195   2.9891    1.44E+21
   76.9478 -66.4395   3.0547    1.39E+21
   77.0051 -66.3594   3.1212    1.37E+21
   77.0618 -66.2793   3.1886    1.32E+21
   77.1181 -66.1991   3.2568    1.25E+21
   77.1737 -66.1189   3.3258    1.18E+21
   77.2289 -66.0387   3.3955    1.14E+21
   77.2835 -65.9583   3.4658    1.12E+21
   77.3376 -65.8780   3.5368    1.12E+21
   77.3912 -65.7975   3.6084    1.11E+21
   77.4443 -65.7171   3.6806    1.00E+21
   77.4969 -65.6365   3.7533    8.85E+20
   77.5490 -65.5560   3.8264    7.87E+20
   77.6006 -65.4753   3.9001    7.28E+20
   77.6517 -65.3947   3.9742    6.88E+20
   77.7023 -65.3140   4.0487    6.88E+20
   77.7524 -65.2332   4.1236    6.77E+20
   73.9752 -69.9775   2.3384    1.10E+21
   74.0623 -69.9002   2.2863    1.14E+21
   74.1485 -69.8229   2.2363    1.10E+21
   74.2339 -69.7455   2.1885    1.10E+21
   74.3184 -69.6680   2.1433    1.18E+21
   74.4022 -69.5904   2.1006    1.30E+21
   74.4851 -69.5128   2.0606    1.43E+21
   74.5673 -69.4351   2.0235    1.52E+21
   74.6487 -69.3573   1.9895    1.62E+21
   74.7292 -69.2794   1.9587    1.71E+21
   74.8090 -69.2015   1.9312    1.81E+21
   74.8881 -69.1235   1.9072    1.99E+21
   74.9664 -69.0454   1.8869    2.08E+21
   75.0439 -68.9672   1.8702    2.05E+21
   75.1207 -68.8890   1.8574    1.90E+21
   75.1967 -68.8107   1.8485    1.69E+21
   75.2721 -68.7323   1.8435    1.59E+21
   75.3467 -68.6539   1.8425    1.61E+21
   75.4206 -68.5753   1.8455    1.66E+21
   75.4937 -68.4968   1.8524    1.73E+21
   75.5662 -68.4181   1.8632    1.74E+21
   75.6380 -68.3394   1.8779    1.63E+21
   75.7091 -68.2606   1.8963    1.55E+21
   75.7796 -68.1818   1.9183    1.52E+21
   75.8493 -68.1029   1.9438    1.53E+21
   75.9184 -68.0239   1.9727    1.63E+21
   75.9869 -67.9449   2.0048    1.71E+21
   76.0546 -67.8658   2.0400    1.80E+21
   76.1218 -67.7866   2.0781    1.80E+21
   76.1883 -67.7074   2.1189    1.73E+21
   76.2541 -67.6282   2.1623    1.74E+21
   76.3194 -67.5488   2.2081    1.80E+21
   76.3840 -67.4694   2.2562    1.87E+21
   76.4480 -67.3900   2.3064    1.94E+21
   76.5114 -67.3104   2.3586    1.98E+21
   76.5741 -67.2309   2.4127    2.00E+21
   76.6363 -67.1512   2.4685    2.02E+21
   76.6979 -67.0715   2.5260    1.96E+21
   76.7589 -66.9918   2.5849    1.88E+21
   76.8193 -66.9120   2.6453    1.87E+21
   76.8792 -66.8321   2.7070    1.85E+21
   76.9385 -66.7522   2.7699    1.80E+21
   76.9972 -66.6723   2.8340    1.68E+21
   77.0553 -66.5922   2.8991    1.56E+21
   77.1129 -66.5122   2.9652    1.46E+21
   77.1700 -66.4320   3.0323    1.41E+21
   77.2265 -66.3518   3.1002    1.38E+21
   77.2824 -66.2716   3.1690    1.33E+21
   77.3379 -66.1913   3.2385    1.25E+21
   77.3928 -66.1110   3.3087    1.18E+21
   77.4471 -66.0306   3.3795    1.15E+21
   77.5010 -65.9502   3.4510    1.11E+21
   77.5543 -65.8697   3.5231    1.06E+21
   77.6072 -65.7891   3.5958    9.78E+20
   77.6595 -65.7085   3.6689    8.26E+20
   77.7113 -65.6279   3.7426    7.48E+20
   77.7626 -65.5472   3.8167    6.80E+20
   77.8135 -65.4665   3.8912    6.37E+20
   77.8638 -65.3857   3.9661    6.19E+20
   77.9137 -65.3049   4.0415    6.23E+20
   74.1524 -70.0534   2.3038    9.18E+20
   74.2392 -69.9761   2.2492    9.66E+20
   74.3252 -69.8987   2.1966    9.73E+20
   74.4103 -69.8212   2.1462    9.51E+20
   74.4947 -69.7436   2.0981    9.85E+20
   74.5782 -69.6659   2.0526    1.11E+21
   74.6609 -69.5882   2.0098    1.28E+21
   74.7428 -69.5104   1.9698    1.43E+21
   74.8240 -69.4325   1.9328    1.49E+21
   74.9043 -69.3545   1.8990    1.51E+21
   74.9839 -69.2765   1.8685    1.54E+21
   75.0627 -69.1984   1.8416    1.57E+21
   75.1407 -69.1202   1.8183    1.76E+21
   75.2180 -69.0420   1.7988    1.95E+21
   75.2945 -68.9637   1.7832    1.97E+21
   75.3703 -68.8853   1.7716    1.85E+21
   75.4454 -68.8068   1.7642    1.66E+21
   75.5198 -68.7283   1.7608    1.60E+21
   75.5934 -68.6497   1.7617    1.70E+21
   75.6664 -68.5710   1.7666    1.85E+21
   75.7386 -68.4923   1.7757    1.89E+21
   75.8101 -68.4135   1.7888    1.75E+21
   75.8810 -68.3347   1.8058    1.59E+21
   75.9512 -68.2558   1.8267    1.54E+21
   76.0207 -68.1768   1.8513    1.59E+21
   76.0895 -68.0977   1.8794    1.70E+21
   76.1577 -68.0186   1.9109    1.82E+21
   76.2252 -67.9394   1.9456    1.84E+21
   76.2921 -67.8602   1.9834    1.81E+21
   76.3583 -67.7809   2.0241    1.73E+21
   76.4239 -67.7016   2.0674    1.61E+21
   76.4889 -67.6221   2.1133    1.59E+21
   76.5532 -67.5427   2.1616    1.62E+21
   76.6170 -67.4631   2.2120    1.70E+21
   76.6801 -67.3835   2.2646    1.80E+21
   76.7426 -67.3039   2.3190    1.90E+21
   76.8045 -67.2242   2.3753    2.01E+21
   76.8659 -67.1444   2.4332    2.04E+21
   76.9266 -67.0646   2.4926    1.94E+21
   76.9868 -66.9847   2.5535    1.84E+21
   77.0463 -66.9048   2.6157    1.81E+21
   77.1054 -66.8248   2.6792    1.79E+21
   77.1638 -66.7448   2.7438    1.76E+21
   77.2217 -66.6647   2.8095    1.66E+21
   77.2790 -66.5845   2.8762    1.57E+21
   77.3358 -66.5043   2.9438    1.46E+21
   77.3920 -66.4241   3.0123    1.39E+21
   77.4477 -66.3438   3.0816    1.34E+21
   77.5029 -66.2634   3.1516    1.27E+21
   77.5575 -66.1830   3.2224    1.21E+21
   77.6116 -66.1026   3.2938    1.16E+21
   77.6652 -66.0221   3.3658    1.12E+21
   77.7183 -65.9415   3.4384    1.04E+21
   77.7709 -65.8609   3.5115    9.44E+20
   77.8229 -65.7802   3.5852    8.28E+20
   77.8745 -65.6995   3.6593    7.26E+20
   77.9255 -65.6188   3.7339    6.70E+20
   77.9761 -65.5380   3.8089    6.13E+20
   78.0262 -65.4571   3.8843    5.68E+20
   78.0758 -65.3763   3.9600    5.55E+20
   74.3308 -70.1291   2.2724    8.57E+20
   74.4174 -70.0516   2.2153    8.77E+20
   74.5032 -69.9741   2.1601    8.87E+20
   74.5881 -69.8965   2.1070    8.80E+20
   74.6722 -69.8189   2.0562    8.93E+20
   74.7555 -69.7411   2.0078    9.77E+20
   74.8379 -69.6633   1.9620    1.14E+21
   74.9196 -69.5854   1.9190    1.30E+21
   75.0005 -69.5074   1.8789    1.37E+21
   75.0806 -69.4294   1.8420    1.32E+21
   75.1599 -69.3512   1.8084    1.25E+21
   75.2384 -69.2731   1.7783    1.27E+21
   75.3162 -69.1948   1.7519    1.40E+21
   75.3933 -69.1165   1.7294    1.68E+21
   75.4696 -69.0381   1.7109    1.94E+21
   75.5451 -68.9596   1.6965    1.92E+21
   75.6199 -68.8810   1.6863    1.72E+21
   75.6940 -68.8024   1.6804    1.57E+21
   75.7674 -68.7238   1.6789    1.60E+21
   75.8401 -68.6450   1.6817    1.76E+21
   75.9121 -68.5662   1.6888    1.93E+21
   75.9834 -68.4873   1.7002    1.96E+21
   76.0539 -68.4084   1.7157    1.82E+21
   76.1239 -68.3294   1.7353    1.68E+21
   76.1931 -68.2503   1.7589    1.67E+21
   76.2617 -68.1712   1.7861    1.76E+21
   76.3296 -68.0920   1.8170    1.86E+21
   76.3968 -68.0128   1.8513    1.87E+21
   76.4634 -67.9335   1.8887    1.75E+21
   76.5294 -67.8541   1.9292    1.58E+21
   76.5948 -67.7746   1.9726    1.50E+21
   76.6595 -67.6952   2.0185    1.46E+21
   76.7235 -67.6156   2.0670    1.50E+21
   76.7870 -67.5360   2.1177    1.56E+21
   76.8499 -67.4563   2.1706    1.65E+21
   76.9121 -67.3766   2.2255    1.76E+21
   76.9738 -67.2968   2.2822    1.92E+21
   77.0348 -67.2170   2.3406    2.05E+21
   77.0953 -67.1371   2.4006    2.07E+21
   77.1552 -67.0571   2.4620    1.98E+21
   77.2145 -66.9771   2.5248    1.89E+21
   77.2732 -66.8971   2.5888    1.87E+21
   77.3314 -66.8170   2.6540    1.84E+21
   77.3890 -66.7368   2.7203    1.76E+21
   77.4461 -66.6566   2.7876    1.66E+21
   77.5026 -66.5763   2.8558    1.58E+21
   77.5585 -66.4960   2.9249    1.47E+21
   77.6140 -66.4156   2.9947    1.37E+21
   77.6688 -66.3352   3.0653    1.29E+21
   77.7232 -66.2547   3.1367    1.22E+21
   77.7770 -66.1742   3.2086    1.16E+21
   77.8304 -66.0936   3.2812    1.11E+21
   77.8832 -66.0130   3.3543    1.05E+21
   77.9354 -65.9324   3.4280    9.39E+20
   77.9872 -65.8516   3.5021    8.56E+20
   78.0385 -65.7709   3.5767    7.67E+20
   78.0893 -65.6900   3.6518    6.83E+20
   78.1396 -65.6092   3.7272    6.25E+20
   78.1894 -65.5283   3.8031    5.76E+20
   78.2387 -65.4473   3.8793    5.35E+20
   74.5105 -70.2044   2.2444    8.78E+20
   74.5969 -70.1269   2.1848    8.97E+20
   74.6824 -70.0493   2.1270    8.99E+20
   74.7671 -69.9716   2.0713    8.84E+20
   74.8510 -69.8938   2.0176    8.79E+20
   74.9340 -69.8160   1.9663    9.12E+20
   75.0162 -69.7381   1.9175    1.00E+21
   75.0976 -69.6601   1.8714    1.12E+21
   75.1783 -69.5820   1.8282    1.19E+21
   75.2581 -69.5039   1.7880    1.17E+21
   75.3372 -69.4257   1.7512    1.09E+21
   75.4154 -69.3474   1.7178    1.08E+21
   75.4930 -69.2690   1.6882    1.21E+21
   75.5698 -69.1906   1.6624    1.46E+21
   75.6458 -69.1121   1.6407    1.80E+21
   75.7211 -69.0336   1.6232    1.91E+21
   75.7956 -68.9550   1.6101    1.81E+21
   75.8695 -68.8763   1.6015    1.64E+21
   75.9426 -68.7975   1.5973    1.54E+21
   76.0150 -68.7187   1.5978    1.57E+21
   76.0867 -68.6398   1.6027    1.71E+21
   76.1577 -68.5608   1.6122    1.95E+21
   76.2280 -68.4818   1.6261    2.02E+21
   76.2977 -68.4027   1.6443    1.89E+21
   76.3666 -68.3236   1.6667    1.79E+21
   76.4349 -68.2444   1.6930    1.87E+21
   76.5026 -68.1651   1.7232    1.98E+21
   76.5696 -68.0858   1.7569    1.94E+21
   76.6359 -68.0064   1.7941    1.79E+21
   76.7016 -67.9269   1.8344    1.64E+21
   76.7666 -67.8474   1.8777    1.51E+21
   76.8311 -67.7679   1.9238    1.46E+21
   76.8949 -67.6882   1.9724    1.45E+21
   76.9581 -67.6086   2.0235    1.49E+21
   77.0206 -67.5288   2.0768    1.53E+21
   77.0826 -67.4490   2.1321    1.62E+21
   77.1440 -67.3692   2.1893    1.76E+21
   77.2048 -67.2892   2.2482    1.96E+21
   77.2650 -67.2093   2.3088    2.11E+21
   77.3246 -67.1293   2.3708    2.15E+21
   77.3836 -67.0492   2.4342    2.08E+21
   77.4420 -66.9691   2.4988    2.02E+21
   77.4999 -66.8889   2.5647    2.00E+21
   77.5573 -66.8086   2.6316    1.92E+21
   77.6141 -66.7284   2.6995    1.78E+21
   77.6703 -66.6480   2.7683    1.67E+21
   77.7260 -66.5676   2.8380    1.57E+21
   77.7811 -66.4872   2.9085    1.46E+21
   77.8357 -66.4067   2.9797    1.35E+21
   77.8898 -66.3262   3.0515    1.28E+21
   77.9434 -66.2456   3.1241    1.18E+21
   77.9964 -66.1649   3.1972    1.09E+21
   78.0489 -66.0842   3.2709    1.01E+21
   78.1009 -66.0035   3.3451    9.28E+20
   78.1524 -65.9227   3.4197    8.54E+20
   78.2034 -65.8419   3.4948    8.17E+20
   78.2540 -65.7610   3.5704    7.57E+20
   78.3040 -65.6801   3.6463    6.94E+20
   78.3535 -65.5991   3.7226    6.26E+20
   78.4026 -65.5181   3.7993    5.68E+20
   74.6916 -70.2794   2.2198    8.72E+20
   74.7777 -70.2018   2.1578    9.25E+20
   74.8630 -70.1241   2.0975    9.60E+20
   74.9474 -70.0463   2.0391    9.36E+20
   75.0310 -69.9685   1.9826    9.02E+20
   75.1138 -69.8905   1.9284    8.97E+20
   75.1958 -69.8125   1.8766    9.20E+20
   75.2769 -69.7345   1.8273    9.68E+20
   75.3573 -69.6563   1.7808    1.05E+21
   75.4368 -69.5781   1.7374    1.07E+21
   75.5156 -69.4998   1.6971    1.02E+21
   75.5937 -69.4214   1.6603    9.58E+20
   75.6709 -69.3430   1.6272    1.05E+21
   75.7474 -69.2645   1.5980    1.28E+21
   75.8232 -69.1859   1.5729    1.62E+21
   75.8982 -69.1073   1.5522    1.87E+21
   75.9725 -69.0286   1.5359    1.92E+21
   76.0461 -68.9498   1.5242    1.81E+21
   76.1189 -68.8709   1.5172    1.66E+21
   76.1910 -68.7920   1.5150    1.51E+21
   76.2625 -68.7131   1.5176    1.52E+21
   76.3332 -68.6340   1.5250    1.70E+21
   76.4032 -68.5549   1.5370    1.99E+21
   76.4726 -68.4758   1.5537    2.05E+21
   76.5413 -68.3965   1.5747    2.01E+21
   76.6093 -68.3172   1.6000    2.01E+21
   76.6767 -68.2379   1.6294    2.06E+21
   76.7434 -68.1585   1.6626    2.05E+21
   76.8094 -68.0790   1.6994    1.93E+21
   76.8748 -67.9995   1.7395    1.79E+21
   76.9396 -67.9199   1.7828    1.66E+21
   77.0037 -67.8403   1.8290    1.54E+21
   77.0673 -67.7606   1.8779    1.50E+21
   77.1302 -67.6808   1.9293    1.50E+21
   77.1925 -67.6010   1.9830    1.51E+21
   77.2541 -67.5211   2.0388    1.57E+21
   77.3152 -67.4412   2.0966    1.69E+21
   77.3757 -67.3612   2.1561    1.86E+21
   77.4356 -67.2812   2.2172    2.05E+21
   77.4949 -67.2011   2.2799    2.20E+21
   77.5537 -67.1209   2.3440    2.26E+21
   77.6119 -67.0407   2.4093    2.26E+21
   77.6695 -66.9605   2.4758    2.23E+21
   77.7265 -66.8802   2.5433    2.17E+21
   77.7830 -66.7998   2.6119    2.03E+21
   77.8390 -66.7194   2.6814    1.85E+21
   77.8944 -66.6389   2.7517    1.69E+21
   77.9492 -66.5584   2.8228    1.57E+21
   78.0035 -66.4779   2.8946    1.45E+21
   78.0573 -66.3973   2.9671    1.35E+21
   78.1106 -66.3166   3.0402    1.26E+21
   78.1634 -66.2359   3.1139    1.13E+21
   78.2156 -66.1551   3.1882    1.02E+21
   78.2673 -66.0743   3.2629    9.32E+20
   78.3185 -65.9935   3.3381    8.81E+20
   78.3693 -65.9126   3.4137    8.44E+20
   78.4195 -65.8316   3.4898    8.29E+20
   78.4692 -65.7506   3.5662    7.85E+20
   78.5185 -65.6696   3.6430    7.07E+20
   78.5672 -65.5885   3.7201    6.25E+20
   74.8740 -70.3542   2.1989    8.40E+20
   74.9599 -70.2764   2.1345    8.88E+20
   75.0449 -70.1986   2.0717    9.56E+20
   75.1290 -70.1208   2.0106    9.55E+20
   75.2124 -70.0428   1.9514    9.16E+20
   75.2949 -69.9648   1.8943    8.96E+20
   75.3766 -69.8867   1.8394    8.92E+20
   75.4575 -69.8085   1.7870    9.02E+20
   75.5376 -69.7303   1.7372    9.28E+20
   75.6169 -69.6520   1.6903    9.62E+20
   75.6954 -69.5736   1.6466    9.41E+20
   75.7731 -69.4952   1.6062    8.87E+20
   75.8501 -69.4166   1.5695    8.84E+20
   75.9263 -69.3380   1.5367    1.06E+21
   76.0018 -69.2594   1.5079    1.34E+21
   76.0765 -69.1806   1.4836    1.68E+21
   76.1506 -69.1019   1.4638    1.96E+21
   76.2238 -69.0230   1.4488    1.97E+21
   76.2964 -68.9441   1.4387    1.83E+21
   76.3682 -68.8651   1.4337    1.65E+21
   76.4394 -68.7860   1.4336    1.53E+21
   76.5098 -68.7069   1.4386    1.60E+21
   76.5796 -68.6277   1.4486    1.83E+21
   76.6487 -68.5485   1.4635    2.05E+21
   76.7171 -68.4692   1.4831    2.10E+21
   76.7848 -68.3898   1.5072    2.07E+21
   76.8518 -68.3104   1.5357    2.11E+21
   76.9183 -68.2309   1.5683    2.17E+21
   76.9840 -68.1513   1.6047    2.09E+21
   77.0491 -68.0717   1.6446    1.93E+21
   77.1136 -67.9921   1.6879    1.82E+21
   77.1775 -67.9124   1.7343    1.72E+21
   77.2407 -67.8326   1.7835    1.63E+21
   77.3033 -67.7527   1.8353    1.62E+21
   77.3653 -67.6728   1.8894    1.61E+21
   77.4267 -67.5929   1.9457    1.67E+21
   77.4875 -67.5129   2.0041    1.72E+21
   77.5477 -67.4328   2.0642    1.82E+21
   77.6073 -67.3527   2.1261    1.96E+21
   77.6663 -67.2726   2.1894    2.15E+21
   77.7248 -67.1923   2.2542    2.32E+21
   77.7827 -67.1121   2.3202    2.47E+21
   77.8400 -67.0317   2.3874    2.51E+21
   77.8967 -66.9514   2.4556    2.44E+21
   77.9529 -66.8709   2.5249    2.30E+21
   78.0086 -66.7905   2.5950    2.09E+21
   78.0637 -66.7099   2.6660    1.86E+21
   78.1183 -66.6294   2.7378    1.68E+21
   78.1723 -66.5487   2.8103    1.55E+21
   78.2258 -66.4681   2.8834    1.44E+21
   78.2788 -66.3873   2.9571    1.35E+21
   78.3312 -66.3066   3.0314    1.26E+21
   78.3832 -66.2257   3.1062    1.12E+21
   78.4346 -66.1449   3.1815    9.98E+20
   78.4855 -66.0639   3.2572    9.32E+20
   78.5360 -65.9830   3.3334    9.13E+20
   78.5859 -65.9020   3.4100    8.90E+20
   78.6354 -65.8209   3.4869    8.85E+20
   78.6843 -65.7398   3.5641    8.37E+20
   78.7328 -65.6587   3.6417    7.45E+20
   75.0578 -70.4286   2.1816    7.58E+20
   75.1434 -70.3508   2.1149    7.98E+20
   75.2281 -70.2729   2.0497    8.45E+20
   75.3120 -70.1949   1.9860    9.11E+20
   75.3950 -70.1169   1.9241    9.27E+20
   75.4773 -70.0388   1.8642    9.19E+20
   75.5587 -69.9606   1.8063    9.12E+20
   75.6393 -69.8823   1.7507    8.81E+20
   75.7191 -69.8040   1.6976    8.88E+20
   75.7981 -69.7256   1.6472    9.06E+20
   75.8764 -69.6471   1.5999    9.18E+20
   75.9538 -69.5686   1.5558    8.85E+20
   76.0305 -69.4900   1.5153    8.33E+20
   76.1064 -69.4113   1.4786    8.93E+20
   76.1816 -69.3325   1.4461    1.11E+21
   76.2561 -69.2537   1.4179    1.49E+21
   76.3298 -69.1748   1.3944    1.79E+21
   76.4028 -69.0959   1.3758    1.97E+21
   76.4750 -69.0169   1.3622    1.92E+21
   76.5466 -68.9378   1.3539    1.79E+21
   76.6174 -68.8587   1.3509    1.65E+21
   76.6876 -68.7795   1.3533    1.62E+21
   76.7571 -68.7002   1.3609    1.73E+21
   76.8258 -68.6209   1.3738    2.01E+21
   76.8939 -68.5415   1.3918    2.29E+21
   76.9614 -68.4620   1.4147    2.47E+21
   77.0281 -68.3825   1.4421    2.50E+21
   77.0943 -68.3030   1.4740    2.37E+21
   77.1597 -68.2234   1.5100    2.25E+21
   77.2245 -68.1437   1.5497    2.13E+21
   77.2887 -68.0639   1.5930    2.00E+21
   77.3523 -67.9841   1.6396    1.98E+21
   77.4152 -67.9043   1.6891    2.01E+21
   77.4775 -67.8244   1.7413    1.98E+21
   77.5392 -67.7444   1.7959    1.93E+21
   77.6003 -67.6644   1.8529    1.90E+21
   77.6608 -67.5843   1.9119    1.92E+21
   77.7207 -67.5042   1.9727    1.98E+21
   77.7800 -67.4240   2.0353    2.15E+21
   77.8387 -67.3437   2.0993    2.29E+21
   77.8969 -67.2634   2.1648    2.44E+21
   77.9545 -67.1831   2.2316    2.55E+21
   78.0115 -67.1027   2.2996    2.63E+21
   78.0679 -67.0223   2.3686    2.61E+21
   78.1238 -66.9418   2.4385    2.46E+21
   78.1792 -66.8612   2.5094    2.25E+21
   78.2340 -66.7806   2.5811    1.98E+21
   78.2883 -66.7000   2.6535    1.76E+21
   78.3420 -66.6193   2.7267    1.61E+21
   78.3952 -66.5385   2.8004    1.52E+21
   78.4479 -66.4577   2.8748    1.44E+21
   78.5000 -66.3769   2.9497    1.37E+21
   78.5517 -66.2960   3.0251    1.27E+21
   78.6028 -66.2151   3.1010    1.16E+21
   78.6534 -66.1341   3.1773    1.03E+21
   78.7036 -66.0531   3.2540    9.90E+20
   78.7532 -65.9720   3.3310    9.80E+20
   78.8024 -65.8909   3.4084    9.66E+20
   78.8510 -65.8097   3.4862    9.37E+20
   78.8992 -65.7285   3.5642    8.75E+20
   75.2429 -70.5027   2.1682    7.50E+20
   75.3282 -70.4248   2.0993    7.55E+20
   75.4126 -70.3468   2.0317    7.73E+20
   75.4962 -70.2687   1.9656    8.21E+20
   75.5790 -70.1906   1.9010    9.25E+20
   75.6610 -70.1124   1.8382    9.93E+20
   75.7421 -70.0341   1.7774    9.96E+20
   75.8224 -69.9558   1.7186    9.67E+20
   75.9019 -69.8773   1.6622    9.33E+20
   75.9806 -69.7989   1.6084    9.36E+20
   76.0586 -69.7203   1.5574    9.26E+20
   76.1357 -69.6417   1.5096    9.04E+20
   76.2121 -69.5630   1.4651    8.76E+20
   76.2878 -69.4842   1.4244    8.75E+20
   76.3627 -69.4054   1.3878    1.05E+21
   76.4368 -69.3265   1.3555    1.38E+21
   76.5102 -69.2475   1.3280    1.66E+21
   76.5829 -69.1685   1.3054    1.84E+21
   76.6549 -69.0894   1.2880    1.95E+21
   76.7261 -69.0102   1.2761    1.92E+21
   76.7967 -68.9310   1.2698    1.87E+21
   76.8665 -68.8517   1.2692    1.87E+21
   76.9357 -68.7724   1.2742    2.10E+21
   77.0042 -68.6930   1.2849    2.31E+21
   77.0720 -68.6135   1.3010    2.49E+21
   77.1391 -68.5340   1.3223    2.60E+21
   77.2055 -68.4544   1.3487    2.64E+21
   77.2713 -68.3747   1.3798    2.57E+21
   77.3365 -68.2950   1.4153    2.44E+21
   77.4010 -68.2153   1.4548    2.36E+21
   77.4649 -68.1355   1.4981    2.26E+21
   77.5281 -68.0556   1.5448    2.18E+21
   77.5908 -67.9757   1.5947    2.16E+21
   77.6528 -67.8957   1.6474    2.17E+21
   77.7142 -67.8156   1.7026    2.21E+21
   77.7749 -67.7355   1.7602    2.34E+21
   77.8351 -67.6554   1.8199    2.45E+21
   77.8947 -67.5752   1.8816    2.43E+21
   77.9537 -67.4949   1.9449    2.42E+21
   78.0121 -67.4146   2.0098    2.44E+21
   78.0700 -67.3342   2.0761    2.46E+21
   78.1273 -67.2538   2.1436    2.54E+21
   78.1840 -67.1734   2.2124    2.60E+21
   78.2401 -67.0928   2.2822    2.59E+21
   78.2957 -67.0123   2.3529    2.47E+21
   78.3507 -66.9317   2.4245    2.24E+21
   78.4052 -66.8510   2.4969    2.03E+21
   78.4592 -66.7703   2.5701    1.81E+21
   78.5126 -66.6895   2.6439    1.66E+21
   78.5655 -66.6087   2.7184    1.56E+21
   78.6179 -66.5278   2.7934    1.48E+21
   78.6698 -66.4469   2.8689    1.40E+21
   78.7211 -66.3660   2.9449    1.32E+21
   78.7719 -66.2850   3.0213    1.24E+21
   78.8223 -66.2039   3.0982    1.17E+21
   78.8721 -66.1228   3.1754    1.10E+21
   78.9214 -66.0417   3.2530    1.09E+21
   78.9703 -65.9605   3.3310    1.08E+21
   79.0186 -65.8793   3.4092    1.07E+21
   79.0665 -65.7980   3.4877    1.02E+21
   75.4294 -70.5765   2.1586    8.13E+20
   75.5144 -70.4985   2.0876    7.79E+20
   75.5985 -70.4204   2.0178    7.49E+20
   75.6818 -70.3422   1.9493    7.73E+20
   75.7643 -70.2640   1.8822    8.56E+20
   75.8460 -70.1857   1.8167    1.04E+21
   75.9268 -70.1073   1.7529    1.17E+21
   76.0068 -70.0289   1.6911    1.21E+21
   76.0860 -69.9504   1.6314    1.15E+21
   76.1644 -69.8718   1.5741    1.08E+21
   76.2421 -69.7932   1.5195    1.03E+21
   76.3189 -69.7144   1.4678    9.49E+20
   76.3950 -69.6357   1.4193    9.04E+20
   76.4704 -69.5568   1.3744    9.46E+20
   76.5449 -69.4779   1.3335    1.10E+21
   76.6188 -69.3989   1.2969    1.38E+21
   76.6919 -69.3199   1.2650    1.58E+21
   76.7643 -69.2407   1.2381    1.74E+21
   76.8359 -69.1616   1.2166    1.88E+21
   76.9069 -69.0823   1.2007    2.01E+21
   76.9771 -69.0030   1.1906    2.12E+21
   77.0466 -68.9237   1.1866    2.31E+21
   77.1155 -68.8442   1.1887    2.44E+21
   77.1836 -68.7647   1.1967    2.50E+21
   77.2511 -68.6852   1.2107    2.54E+21
   77.3179 -68.6056   1.2303    2.65E+21
   77.3841 -68.5259   1.2554    2.71E+21
   77.4496 -68.4462   1.2856    2.71E+21
   77.5144 -68.3664   1.3205    2.64E+21
   77.5786 -68.2866   1.3599    2.54E+21
   77.6422 -68.2067   1.4032    2.47E+21
   77.7051 -68.1267   1.4501    2.36E+21
   77.7674 -68.0467   1.5004    2.28E+21
   77.8291 -67.9667   1.5536    2.25E+21
   77.8901 -67.8865   1.6096    2.29E+21
   77.9506 -67.8064   1.6679    2.39E+21
   78.0105 -67.7261   1.7284    2.48E+21
   78.0698 -67.6459   1.7908    2.56E+21
   78.1284 -67.5655   1.8550    2.65E+21
   78.1866 -67.4852   1.9207    2.65E+21
   78.2441 -67.4047   1.9879    2.59E+21
   78.3010 -67.3242   2.0563    2.47E+21
   78.3574 -67.2437   2.1259    2.39E+21
   78.4133 -67.1631   2.1965    2.41E+21
   78.4685 -67.0825   2.2681    2.35E+21
   78.5233 -67.0018   2.3405    2.21E+21
   78.5775 -66.9210   2.4137    1.99E+21
   78.6311 -66.8403   2.4875    1.79E+21
   78.6842 -66.7594   2.5621    1.65E+21
   78.7368 -66.6785   2.6372    1.55E+21
   78.7889 -66.5976   2.7129    1.49E+21
   78.8404 -66.5166   2.7890    1.42E+21
   78.8914 -66.4356   2.8657    1.34E+21
   78.9419 -66.3546   2.9427    1.29E+21
   78.9920 -66.2734   3.0201    1.24E+21
   79.0415 -66.1923   3.0979    1.23E+21
   79.0905 -66.1111   3.1760    1.23E+21
   79.1390 -66.0298   3.2545    1.24E+21
   79.1871 -65.9485   3.3332    1.24E+21
   79.2347 -65.8672   3.4122    1.18E+21
   75.6172 -70.6499   2.1529    8.74E+20
   75.7019 -70.5718   2.0800    8.33E+20
   75.7858 -70.4937   2.0081    7.69E+20
   75.8688 -70.4154   1.9373    7.49E+20
   75.9509 -70.3371   1.8678    8.08E+20
   76.0323 -70.2587   1.7997    9.47E+20
   76.1128 -70.1803   1.7331    1.23E+21
   76.1925 -70.1017   1.6683    1.39E+21
   76.2714 -70.0231   1.6054    1.41E+21
   76.3495 -69.9445   1.5447    1.30E+21
   76.4268 -69.8657   1.4864    1.17E+21
   76.5034 -69.7869   1.4309    1.06E+21
   76.5792 -69.7080   1.3783    9.50E+20
   76.6542 -69.6291   1.3292    9.57E+20
   76.7284 -69.5501   1.2838    1.08E+21
   76.8020 -69.4710   1.2426    1.30E+21
   76.8748 -69.3919   1.2060    1.59E+21
   76.9468 -69.3127   1.1745    1.74E+21
   77.0181 -69.2334   1.1483    1.80E+21
   77.0888 -69.1541   1.1280    1.90E+21
   77.1587 -69.0747   1.1138    2.09E+21
   77.2279 -68.9953   1.1059    2.26E+21
   77.2964 -68.9158   1.1045    2.51E+21
   77.3642 -68.8362   1.1096    2.68E+21
   77.4314 -68.7566   1.1211    2.75E+21
   77.4979 -68.6769   1.1388    2.76E+21
   77.5637 -68.5971   1.1624    2.75E+21
   77.6289 -68.5173   1.1915    2.74E+21
   77.6934 -68.4375   1.2258    2.70E+21
   77.7573 -68.3576   1.2649    2.70E+21
   77.8205 -68.2776   1.3082    2.66E+21
   77.8831 -68.1976   1.3555    2.58E+21
   77.9451 -68.1175   1.4062    2.43E+21
   78.0065 -68.0373   1.4601    2.28E+21
   78.0672 -67.9571   1.5167    2.21E+21
   78.1273 -67.8769   1.5759    2.20E+21
   78.1869 -67.7966   1.6372    2.31E+21
   78.2458 -67.7162   1.7006    2.43E+21
   78.3042 -67.6358   1.7657    2.67E+21
   78.3620 -67.5554   1.8323    2.82E+21
   78.4192 -67.4749   1.9004    2.81E+21
   78.4758 -67.3943   1.9698    2.59E+21
   78.5319 -67.3137   2.0402    2.35E+21
   78.5874 -67.2331   2.1117    2.25E+21
   78.6424 -67.1523   2.1841    2.15E+21
   78.6968 -67.0716   2.2573    1.97E+21
   78.7506 -66.9908   2.3313    1.76E+21
   78.8040 -66.9099   2.4060    1.64E+21
   78.8567 -66.8290   2.4812    1.57E+21
   78.9090 -66.7481   2.5571    1.54E+21
   78.9608 -66.6671   2.6334    1.54E+21
   79.0120 -66.5860   2.7102    1.52E+21
   79.0627 -66.5050   2.7875    1.49E+21
   79.1129 -66.4238   2.8651    1.46E+21
   79.1626 -66.3426   2.9431    1.41E+21
   79.2118 -66.2614   3.0215    1.38E+21
   79.2605 -66.1801   3.1001    1.38E+21
   79.3087 -66.0988   3.1791    1.40E+21
   79.3565 -66.0175   3.2583    1.42E+21
   79.4037 -65.9361   3.3377    1.39E+21
   75.8064 -70.7231   2.1513    9.24E+20
   75.8908 -70.6449   2.0765    8.85E+20
   75.9744 -70.5666   2.0026    8.08E+20
   76.0571 -70.4883   1.9298    7.57E+20
   76.1389 -70.4099   1.8580    7.80E+20
   76.2199 -70.3314   1.7874    8.53E+20
   76.3001 -70.2529   1.7182    1.06E+21
   76.3795 -70.1742   1.6505    1.42E+21
   76.4581 -70.0955   1.5846    1.56E+21
   76.5359 -70.0168   1.5205    1.61E+21
   76.6129 -69.9380   1.4587    1.42E+21
   76.6891 -69.8591   1.3993    1.19E+21
   76.7646 -69.7801   1.3427    1.06E+21
   76.8392 -69.7011   1.2892    1.02E+21
   76.9132 -69.6220   1.2392    1.12E+21
   76.9864 -69.5428   1.1933    1.34E+21
   77.0588 -69.4636   1.1518    1.62E+21
   77.1306 -69.3843   1.1152    1.79E+21
   77.2016 -69.3050   1.0840    1.81E+21
   77.2719 -69.2256   1.0587    1.84E+21
   77.3414 -69.1461   1.0398    2.00E+21
   77.4103 -69.0666   1.0275    2.27E+21
   77.4785 -68.9870   1.0221    2.60E+21
   77.5460 -68.9073   1.0238    2.84E+21
   77.6128 -68.8276   1.0323    2.83E+21
   77.6790 -68.7479   1.0477    2.77E+21
   77.7445 -68.6680   1.0696    2.70E+21
   77.8093 -68.5882   1.0975    2.63E+21
   77.8735 -68.5082   1.1311    2.58E+21
   77.9370 -68.4282   1.1699    2.63E+21
   78.0000 -68.3482   1.2133    2.70E+21
   78.0622 -68.2681   1.2608    2.66E+21
   78.1239 -68.1879   1.3121    2.55E+21
   78.1849 -68.1077   1.3667    2.36E+21
   78.2453 -68.0274   1.4242    2.13E+21
   78.3051 -67.9471   1.4842    1.96E+21
   78.3643 -67.8667   1.5466    1.92E+21
   78.4230 -67.7863   1.6109    2.11E+21
   78.4810 -67.7058   1.6770    2.35E+21
   78.5384 -67.6253   1.7447    2.63E+21
   78.5953 -67.5447   1.8138    2.74E+21
   78.6516 -67.4641   1.8841    2.63E+21
   78.7074 -67.3834   1.9555    2.34E+21
   78.7625 -67.3027   2.0279    2.08E+21
   78.8172 -67.2219   2.1012    1.87E+21
   78.8712 -67.1411   2.1752    1.76E+21
   78.9248 -67.0602   2.2500    1.60E+21
   78.9778 -66.9793   2.3255    1.55E+21
   79.0302 -66.8983   2.4015    1.52E+21
   79.0822 -66.8173   2.4781    1.52E+21
   79.1336 -66.7362   2.5551    1.57E+21
   79.1845 -66.6551   2.6326    1.60E+21
   79.2349 -66.5740   2.7105    1.62E+21
   79.2848 -66.4928   2.7887    1.62E+21
   79.3341 -66.4115   2.8673    1.59E+21
   79.3830 -66.3302   2.9462    1.55E+21
   79.4314 -66.2489   3.0254    1.55E+21
   79.4793 -66.1675   3.1048    1.55E+21
   79.5267 -66.0861   3.1845    1.55E+21
   79.5736 -66.0046   3.2644    1.52E+21
   75.9971 -70.7959   2.1536    1.04E+21
   76.0811 -70.7176   2.0772    9.71E+20
   76.1643 -70.6393   2.0015    8.78E+20
   76.2467 -70.5609   1.9267    8.23E+20
   76.3282 -70.4823   1.8528    8.25E+20
   76.4089 -70.4038   1.7799    9.05E+20
   76.4888 -70.3251   1.7082    1.00E+21
   76.5678 -70.2464   1.6379    1.25E+21
   76.6461 -70.1676   1.5690    1.54E+21
   76.7235 -70.0888   1.5018    1.65E+21
   76.8002 -70.0099   1.4365    1.62E+21
   76.8761 -69.9309   1.3734    1.40E+21
   76.9512 -69.8518   1.3127    1.20E+21
   77.0256 -69.7727   1.2549    1.13E+21
   77.0992 -69.6936   1.2004    1.16E+21
   77.1720 -69.6143   1.1495    1.29E+21
   77.2441 -69.5350   1.1028    1.49E+21
   77.3155 -69.4556   1.0609    1.70E+21
   77.3862 -69.3762   1.0243    1.78E+21
   77.4561 -69.2967   0.9936    1.81E+21
   77.5254 -69.2172   0.9693    1.96E+21
   77.5939 -69.1376   0.9520    2.22E+21
   77.6618 -69.0579   0.9420    2.54E+21
   77.7289 -68.9782   0.9396    2.78E+21
   77.7954 -68.8984   0.9447    2.82E+21
   77.8612 -68.8185   0.9573    2.67E+21
   77.9264 -68.7386   0.9771    2.61E+21
   77.9909 -68.6587   1.0037    2.56E+21
   78.0547 -68.5786   1.0364    2.50E+21
   78.1179 -68.4986   1.0748    2.48E+21
   78.1805 -68.4184   1.1183    2.54E+21
   78.2424 -68.3383   1.1662    2.56E+21
   78.3037 -68.2580   1.2182    2.53E+21
   78.3644 -68.1777   1.2735    2.41E+21
   78.4245 -68.0974   1.3320    2.22E+21
   78.4840 -68.0170   1.3931    2.00E+21
   78.5429 -67.9365   1.4565    1.87E+21
   78.6011 -67.8560   1.5219    1.87E+21
   78.6588 -67.7755   1.5891    1.97E+21
   78.7159 -67.6949   1.6579    2.11E+21
   78.7725 -67.6142   1.7280    2.37E+21
   78.8284 -67.5335   1.7994    2.35E+21
   78.8838 -67.4528   1.8718    2.27E+21
   78.9387 -67.3720   1.9451    2.12E+21
   78.9930 -67.2911   2.0193    1.92E+21
   79.0467 -67.2102   2.0943    1.74E+21
   79.0999 -67.1293   2.1699    1.60E+21
   79.1526 -67.0483   2.2462    1.51E+21
   79.2047 -66.9673   2.3230    1.49E+21
   79.2563 -66.8862   2.4003    1.50E+21
   79.3074 -66.8051   2.4780    1.54E+21
   79.3580 -66.7239   2.5562    1.61E+21
   79.4080 -66.6427   2.6347    1.69E+21
   79.4575 -66.5614   2.7135    1.82E+21
   79.5066 -66.4801   2.7927    1.87E+21
   79.5551 -66.3987   2.8721    1.84E+21
   79.6032 -66.3173   2.9518    1.75E+21
   79.6508 -66.2359   3.0318    1.71E+21
   79.6978 -66.1544   3.1120    1.64E+21
   79.7445 -66.0729   3.1923    1.58E+21
   76.1891 -70.8684   2.1599    1.14E+21
   76.2728 -70.7901   2.0820    1.09E+21
   76.3557 -70.7116   2.0047    1.01E+21
   76.4377 -70.6331   1.9281    9.58E+20
   76.5189 -70.5545   1.8523    9.94E+20
   76.5993 -70.4758   1.7773    1.02E+21
   76.6788 -70.3971   1.7033    1.06E+21
   76.7575 -70.3183   1.6305    1.16E+21
   76.8354 -70.2394   1.5588    1.39E+21
   76.9125 -70.1605   1.4887    1.58E+21
   76.9888 -70.0815   1.4201    1.61E+21
   77.0644 -70.0024   1.3534    1.50E+21
   77.1392 -69.9233   1.2889    1.32E+21
   77.2132 -69.8441   1.2269    1.19E+21
   77.2864 -69.7648   1.1678    1.19E+21
   77.3589 -69.6855   1.1120    1.30E+21
   77.4307 -69.6061   1.0600    1.47E+21
   77.5017 -69.5266   1.0125    1.64E+21
   77.5720 -69.4471   0.9701    1.73E+21
   77.6416 -69.3675   0.9334    1.77E+21
   77.7105 -69.2879   0.9033    1.89E+21
   77.7787 -69.2082   0.8802    2.18E+21
   77.8462 -69.1285   0.8648    2.51E+21
   77.9131 -69.0486   0.8576    2.76E+21
   77.9792 -68.9688   0.8586    2.81E+21
   78.0447 -68.8888   0.8679    2.70E+21
   78.1095 -68.8089   0.8852    2.59E+21
   78.1736 -68.7288   0.9100    2.57E+21
   78.2371 -68.6487   0.9417    2.46E+21
   78.2999 -68.5686   0.9797    2.29E+21
   78.3622 -68.4884   1.0233    2.21E+21
   78.4237 -68.4081   1.0717    2.33E+21
   78.4847 -68.3278   1.1244    2.47E+21
   78.5450 -68.2474   1.1807    2.50E+21
   78.6048 -68.1670   1.2402    2.44E+21
   78.6639 -68.0865   1.3025    2.33E+21
   78.7224 -68.0060   1.3671    2.14E+21
   78.7804 -67.9255   1.4337    1.94E+21
   78.8377 -67.8448   1.5021    1.84E+21
   78.8945 -67.7642   1.5721    1.82E+21
   78.9507 -67.6834   1.6433    1.92E+21
   79.0063 -67.6027   1.7158    2.06E+21
   79.0613 -67.5218   1.7892    2.01E+21
   79.1158 -67.4410   1.8636    1.94E+21
   79.1698 -67.3601   1.9388    1.80E+21
   79.2232 -67.2791   2.0147    1.70E+21
   79.2760 -67.1981   2.0912    1.61E+21
   79.3283 -67.1170   2.1682    1.54E+21
   79.3801 -67.0359   2.2458    1.51E+21
   79.4314 -66.9548   2.3238    1.52E+21
   79.4821 -66.8736   2.4023    1.56E+21
   79.5324 -66.7923   2.4811    1.65E+21
   79.5821 -66.7110   2.5602    1.78E+21
   79.6313 -66.6297   2.6397    1.96E+21
   79.6800 -66.5483   2.7194    2.04E+21
   79.7282 -66.4669   2.7994    2.03E+21
   79.7759 -66.3854   2.8797    1.92E+21
   79.8231 -66.3039   2.9601    1.80E+21
   79.8699 -66.2224   3.0407    1.72E+21
   79.9162 -66.1408   3.1216    1.59E+21
   76.3825 -70.9406   2.1702    1.21E+21
   76.4659 -70.8622   2.0910    1.23E+21
   76.5484 -70.7836   2.0122    1.19E+21
   76.6301 -70.7050   1.9340    1.11E+21
   76.7110 -70.6263   1.8564    1.10E+21
   76.7910 -70.5475   1.7796    1.14E+21
   76.8701 -70.4687   1.7035    1.20E+21
   76.9485 -70.3898   1.6284    1.28E+21
   77.0260 -70.3109   1.5543    1.37E+21
   77.1028 -70.2318   1.4814    1.47E+21
   77.1788 -70.1527   1.4098    1.54E+21
   77.2540 -70.0736   1.3398    1.51E+21
   77.3284 -69.9944   1.2716    1.36E+21
   77.4020 -69.9151   1.2056    1.24E+21
   77.4749 -69.8357   1.1420    1.24E+21
   77.5471 -69.7563   1.0813    1.33E+21
   77.6185 -69.6768   1.0241    1.47E+21
   77.6892 -69.5973   0.9709    1.65E+21
   77.7591 -69.5177   0.9224    1.76E+21
   77.8284 -69.4380   0.8793    1.82E+21
   77.8969 -69.3583   0.8426    1.94E+21
   77.9647 -69.2785   0.8130    2.13E+21
   78.0319 -69.1987   0.7914    2.37E+21
   78.0983 -69.1188   0.7784    2.62E+21
   78.1641 -69.0389   0.7745    2.75E+21
   78.2292 -68.9589   0.7797    2.66E+21
   78.2937 -68.8788   0.7939    2.58E+21
   78.3574 -68.7987   0.8166    2.63E+21
   78.4206 -68.7185   0.8471    2.57E+21
   78.4831 -68.6383   0.8846    2.41E+21
   78.5449 -68.5580   0.9283    2.19E+21
   78.6062 -68.4777   0.9773    2.18E+21
   78.6668 -68.3973   1.0308    2.35E+21
   78.7267 -68.3168   1.0883    2.58E+21
   78.7861 -68.2363   1.1491    2.69E+21
   78.8449 -68.1558   1.2126    2.63E+21
   78.9030 -68.0752   1.2785    2.51E+21
   78.9606 -67.9945   1.3465    2.31E+21
   79.0176 -67.9138   1.4162    2.11E+21
   79.0740 -67.8331   1.4874    1.99E+21
   79.1299 -67.7523   1.5599    1.92E+21
   79.1851 -67.6715   1.6335    1.84E+21
   79.2398 -67.5906   1.7081    1.79E+21
   79.2940 -67.5096   1.7835    1.75E+21
   79.3476 -67.4286   1.8596    1.72E+21
   79.4006 -67.3476   1.9365    1.66E+21
   79.4531 -67.2665   2.0138    1.60E+21
   79.5051 -67.1854   2.0918    1.57E+21
   79.5565 -67.1042   2.1701    1.58E+21
   79.6074 -67.0230   2.2489    1.62E+21
   79.6578 -66.9417   2.3280    1.65E+21
   79.7077 -66.8604   2.4075    1.71E+21
   79.7571 -66.7791   2.4873    1.82E+21
   79.8059 -66.6977   2.5674    2.03E+21
   79.8543 -66.6162   2.6477    2.19E+21
   79.9022 -66.5348   2.7282    2.14E+21
   79.9495 -66.4532   2.8089    1.97E+21
   79.9964 -66.3717   2.8898    1.78E+21
   80.0428 -66.2901   2.9709    1.60E+21
   80.0887 -66.2084   3.0522    1.47E+21
   76.5774 -71.0125   2.1845    1.23E+21
   76.6604 -70.9339   2.1040    1.30E+21
   76.7426 -70.8553   2.0240    1.32E+21
   76.8239 -70.7766   1.9444    1.29E+21
   76.9044 -70.6978   1.8653    1.25E+21
   76.9840 -70.6189   1.7868    1.26E+21
   77.0628 -70.5400   1.7089    1.29E+21
   77.1408 -70.4610   1.6317    1.33E+21
   77.2180 -70.3820   1.5554    1.40E+21
   77.2944 -70.3029   1.4800    1.47E+21
   77.3700 -70.2237   1.4057    1.49E+21
   77.4448 -70.1444   1.3327    1.44E+21
   77.5189 -70.0651   1.2611    1.34E+21
   77.5922 -69.9857   1.1913    1.24E+21
   77.6647 -69.9063   1.1236    1.22E+21
   77.7365 -69.8268   1.0582    1.28E+21
   77.8075 -69.7472   0.9958    1.43E+21
   77.8778 -69.6676   0.9369    1.69E+21
   77.9474 -69.5879   0.8822    1.83E+21
   78.0163 -69.5082   0.8324    1.86E+21
   78.0845 -69.4284   0.7886    1.93E+21
   78.1519 -69.3485   0.7518    2.09E+21
   78.2187 -69.2686   0.7229    2.31E+21
   78.2848 -69.1886   0.7031    2.48E+21
   78.3502 -69.1086   0.6930    2.56E+21
   78.4149 -69.0285   0.6932    2.53E+21
   78.4790 -68.9484   0.7035    2.53E+21
   78.5424 -68.8682   0.7235    2.62E+21
   78.6052 -68.7879   0.7525    2.77E+21
   78.6673 -68.7076   0.7894    2.71E+21
   78.7288 -68.6273   0.8333    2.50E+21
   78.7897 -68.5469   0.8830    2.22E+21
   78.8499 -68.4664   0.9376    2.21E+21
   78.9095 -68.3859   0.9964    2.41E+21
   78.9685 -68.3053   1.0586    2.66E+21
   79.0269 -68.2247   1.1236    2.73E+21
   79.0847 -68.1440   1.1911    2.64E+21
   79.1420 -68.0633   1.2605    2.53E+21
   79.1986 -67.9825   1.3316    2.44E+21
   79.2546 -67.9017   1.4042    2.30E+21
   79.3101 -67.8209   1.4779    2.13E+21
   79.3650 -67.7399   1.5528    1.99E+21
   79.4193 -67.6590   1.6285    1.84E+21
   79.4731 -67.5780   1.7050    1.76E+21
   79.5264 -67.4969   1.7821    1.66E+21
   79.5790 -67.4158   1.8599    1.55E+21
   79.6312 -67.3347   1.9382    1.48E+21
   79.6828 -67.2535   2.0169    1.50E+21
   79.7339 -67.1722   2.0961    1.58E+21
   79.7844 -67.0909   2.1756    1.65E+21
   79.8345 -67.0096   2.2554    1.70E+21
   79.8840 -66.9282   2.3356    1.77E+21
   79.9330 -66.8468   2.4160    1.89E+21
   79.9815 -66.7653   2.4966    2.08E+21
   80.0295 -66.6838   2.5775    2.30E+21
   80.0770 -66.6023   2.6585    2.33E+21
   80.1241 -66.5207   2.7397    2.07E+21
   80.1706 -66.4391   2.8211    1.81E+21
   80.2167 -66.3574   2.9026    1.58E+21
   80.2622 -66.2757   2.9843    1.41E+21
   76.7737 -71.0840   2.2026    1.20E+21
   76.8563 -71.0054   2.1211    1.34E+21
   76.9381 -70.9266   2.0400    1.43E+21
   77.0191 -70.8478   1.9592    1.44E+21
   77.0992 -70.7689   1.8788    1.36E+21
   77.1784 -70.6900   1.7988    1.29E+21
   77.2569 -70.6110   1.7194    1.30E+21
   77.3345 -70.5319   1.6404    1.37E+21
   77.4113 -70.4528   1.5622    1.49E+21
   77.4873 -70.3736   1.4846    1.60E+21
   77.5626 -70.2943   1.4079    1.61E+21
   77.6370 -70.2150   1.3322    1.47E+21
   77.7107 -70.1356   1.2576    1.35E+21
   77.7836 -70.0561   1.1844    1.23E+21
   77.8557 -69.9766   1.1128    1.12E+21
   77.9271 -69.8970   1.0432    1.18E+21
   77.9978 -69.8173   0.9759    1.31E+21
   78.0677 -69.7376   0.9115    1.51E+21
   78.1370 -69.6579   0.8506    1.74E+21
   78.2055 -69.5780   0.7940    1.81E+21
   78.2732 -69.4982   0.7428    1.85E+21
   78.3403 -69.4182   0.6980    1.99E+21
   78.4067 -69.3382   0.6609    2.23E+21
   78.4724 -69.2582   0.6330    2.39E+21
   78.5375 -69.1780   0.6155    2.45E+21
   78.6018 -69.0979   0.6092    2.49E+21
   78.6655 -69.0177   0.6145    2.50E+21
   78.7286 -68.9374   0.6310    2.68E+21
   78.7910 -68.8571   0.6580    2.96E+21
   78.8527 -68.7767   0.6942    3.11E+21
   78.9138 -68.6962   0.7383    2.93E+21
   78.9743 -68.6157   0.7889    2.58E+21
   79.0342 -68.5352   0.8448    2.27E+21
   79.0934 -68.4546   0.9052    2.26E+21
   79.1520 -68.3740   0.9690    2.40E+21
   79.2101 -68.2933   1.0358    2.52E+21
   79.2675 -68.2125   1.1049    2.55E+21
   79.3243 -68.1317   1.1759    2.53E+21
   79.3806 -68.0509   1.2486    2.51E+21
   79.4363 -67.9700   1.3226    2.47E+21
   79.4914 -67.8891   1.3977    2.39E+21
   79.5459 -67.8081   1.4738    2.30E+21
   79.5999 -67.7271   1.5507    2.20E+21
   79.6533 -67.6460   1.6283    1.94E+21
   79.7062 -67.5648   1.7065    1.74E+21
   79.7585 -67.4837   1.7852    1.57E+21
   79.8103 -67.4025   1.8644    1.48E+21
   79.8615 -67.3212   1.9439    1.47E+21
   79.9122 -67.2399   2.0239    1.57E+21
   79.9624 -67.1585   2.1041    1.73E+21
   80.0121 -67.0771   2.1846    1.81E+21
   80.0612 -66.9957   2.2654    1.84E+21
   80.1099 -66.9142   2.3464    1.94E+21
   80.1580 -66.8327   2.4276    2.08E+21
   80.2057 -66.7511   2.5090    2.29E+21
   80.2529 -66.6695   2.5905    2.47E+21
   80.2995 -66.5878   2.6722    2.37E+21
   80.3457 -66.5061   2.7540    2.09E+21
   80.3914 -66.4244   2.8360    1.87E+21
   80.4366 -66.3426   2.9180    1.66E+21
   76.9714 -71.1552   2.2245    1.31E+21
   77.0537 -71.0765   2.1422    1.42E+21
   77.1351 -70.9976   2.0601    1.49E+21
   77.2157 -70.9187   1.9783    1.50E+21
   77.2954 -70.8398   1.8968    1.45E+21
   77.3743 -70.7607   1.8156    1.35E+21
   77.4523 -70.6816   1.7348    1.33E+21
   77.5295 -70.6025   1.6544    1.39E+21
   77.6060 -70.5232   1.5745    1.52E+21
   77.6816 -70.4439   1.4951    1.63E+21
   77.7564 -70.3646   1.4164    1.67E+21
   77.8305 -70.2852   1.3383    1.62E+21
   77.9038 -70.2057   1.2612    1.44E+21
   77.9763 -70.1261   1.1850    1.26E+21
   78.0481 -70.0465   1.1100    1.12E+21
   78.1191 -69.9668   1.0365    1.07E+21
   78.1894 -69.8871   0.9649    1.17E+21
   78.2589 -69.8073   0.8954    1.31E+21
   78.3277 -69.7275   0.8287    1.47E+21
   78.3958 -69.6475   0.7655    1.62E+21
   78.4632 -69.5676   0.7067    1.66E+21
   78.5299 -69.4876   0.6536    1.74E+21
   78.5960 -69.4075   0.6075    1.94E+21
   78.6613 -69.3273   0.5701    2.21E+21
   78.7259 -69.2471   0.5434    2.33E+21
   78.7899 -69.1669   0.5289    2.36E+21
   78.8532 -69.0866   0.5275    2.43E+21
   78.9159 -69.0062   0.5394    2.58E+21
   78.9779 -68.9258   0.5637    2.84E+21
   79.0392 -68.8454   0.5990    3.09E+21
   79.1000 -68.7649   0.6434    3.19E+21
   79.1601 -68.6843   0.6951    2.94E+21
   79.2195 -68.6037   0.7527    2.57E+21
   79.2784 -68.5230   0.8148    2.33E+21
   79.3366 -68.4423   0.8807    2.30E+21
   79.3943 -68.3615   0.9493    2.40E+21
   79.4513 -68.2807   1.0203    2.51E+21
   79.5078 -68.1998   1.0931    2.53E+21
   79.5637 -68.1189   1.1674    2.55E+21
   79.6190 -68.0380   1.2429    2.60E+21
   79.6737 -67.9570   1.3195    2.64E+21
   79.7279 -67.8759   1.3969    2.60E+21
   79.7815 -67.7948   1.4750    2.44E+21
   79.8345 -67.7137   1.5537    2.26E+21
   79.8870 -67.6325   1.6329    1.94E+21
   79.9389 -67.5512   1.7126    1.71E+21
   79.9903 -67.4699   1.7926    1.55E+21
   80.0412 -67.3886   1.8730    1.52E+21
   80.0915 -67.3072   1.9537    1.59E+21
   80.1414 -67.2258   2.0346    1.79E+21
   80.1907 -67.1443   2.1158    1.94E+21
   80.2395 -67.0628   2.1972    1.95E+21
   80.2877 -66.9813   2.2787    1.94E+21
   80.3355 -66.8997   2.3605    2.02E+21
   80.3828 -66.8181   2.4423    2.15E+21
   80.4296 -66.7364   2.5243    2.44E+21
   80.4759 -66.6547   2.6065    2.54E+21
   80.5217 -66.5729   2.6887    2.47E+21
   80.5671 -66.4911   2.7710    2.32E+21
   80.6119 -66.4093   2.8535    2.09E+21
   77.1706 -71.2261   2.2500    1.35E+21
   77.2525 -71.1473   2.1670    1.40E+21
   77.3335 -71.0683   2.0843    1.51E+21
   77.4136 -70.9893   2.0017    1.57E+21
   77.4930 -70.9103   1.9193    1.50E+21
   77.5715 -70.8311   1.8371    1.41E+21
   77.6491 -70.7520   1.7552    1.35E+21
   77.7260 -70.6727   1.6736    1.38E+21
   77.8020 -70.5934   1.5923    1.49E+21
   77.8772 -70.5140   1.5114    1.66E+21
   77.9517 -70.4345   1.4310    1.72E+21
   78.0253 -70.3550   1.3510    1.69E+21
   78.0982 -70.2754   1.2717    1.60E+21
   78.1703 -70.1958   1.1930    1.42E+21
   78.2417 -70.1161   1.1152    1.27E+21
   78.3123 -70.0363   1.0385    1.16E+21
   78.3822 -69.9565   0.9630    1.11E+21
   78.4513 -69.8767   0.8891    1.20E+21
   78.5198 -69.7967   0.8172    1.32E+21
   78.5875 -69.7167   0.7479    1.44E+21
   78.6545 -69.6367   0.6820    1.53E+21
   78.7208 -69.5566   0.6205    1.54E+21
   78.7864 -69.4764   0.5649    1.66E+21
   78.8513 -69.3962   0.5171    1.94E+21
   78.9156 -69.3159   0.4794    2.25E+21
   78.9791 -69.2356   0.4542    2.37E+21
   79.0421 -69.1552   0.4439    2.42E+21
   79.1043 -69.0748   0.4492    2.54E+21
   79.1659 -68.9943   0.4698    2.70E+21
   79.2269 -68.9138   0.5037    2.89E+21
   79.2872 -68.8332   0.5485    3.05E+21
   79.3469 -68.7525   0.6017    3.06E+21
   79.4060 -68.6718   0.6614    2.83E+21
   79.4645 -68.5911   0.7258    2.57E+21
   79.5224 -68.5103   0.7939    2.49E+21
   79.5796 -68.4295   0.8648    2.57E+21
   79.6363 -68.3486   0.9378    2.64E+21
   79.6923 -68.2676   1.0125    2.62E+21
   79.7478 -68.1866   1.0886    2.62E+21
   79.8027 -68.1056   1.1657    2.69E+21
   79.8571 -68.0245   1.2437    2.75E+21
   79.9108 -67.9434   1.3224    2.88E+21
   79.9641 -67.8622   1.4017    2.81E+21
   80.0167 -67.7810   1.4815    2.57E+21
   80.0688 -67.6997   1.5617    2.25E+21
   80.1204 -67.6184   1.6423    1.88E+21
   80.1714 -67.5371   1.7232    1.67E+21
   80.2219 -67.4557   1.8044    1.59E+21
   80.2719 -67.3742   1.8858    1.63E+21
   80.3213 -67.2927   1.9674    1.78E+21
   80.3702 -67.2112   2.0492    2.00E+21
   80.4186 -67.1296   2.1311    2.13E+21
   80.4665 -67.0480   2.2132    2.06E+21
   80.5139 -66.9664   2.2954    1.99E+21
   80.5609 -66.8847   2.3777    2.01E+21
   80.6073 -66.8029   2.4602    2.17E+21
   80.6532 -66.7211   2.5427    2.43E+21
   80.6986 -66.6393   2.6253    2.57E+21
   80.7436 -66.5575   2.7080    2.59E+21
   80.7881 -66.4756   2.7907    2.53E+21
   77.3712 -71.2967   2.2791    1.42E+21
   77.4527 -71.2177   2.1957    1.48E+21
   77.5333 -71.1387   2.1123    1.56E+21
   77.6131 -71.0596   2.0291    1.62E+21
   77.6920 -70.9804   1.9460    1.59E+21
   77.7701 -70.9012   1.8631    1.48E+21
   77.8473 -70.8219   1.7803    1.41E+21
   77.9237 -70.7426   1.6978    1.41E+21
   77.9994 -70.6632   1.6155    1.48E+21
   78.0742 -70.5837   1.5334    1.58E+21
   78.1482 -70.5041   1.4516    1.66E+21
   78.2215 -70.4245   1.3701    1.65E+21
   78.2939 -70.3449   1.2891    1.61E+21
   78.3657 -70.2652   1.2085    1.53E+21
   78.4366 -70.1854   1.1284    1.41E+21
   78.5068 -70.1055   1.0490    1.31E+21
   78.5763 -70.0256   0.9704    1.23E+21
   78.6450 -69.9457   0.8929    1.25E+21
   78.7131 -69.8656   0.8166    1.36E+21
   78.7804 -69.7856   0.7421    1.46E+21
   78.8469 -69.7054   0.6699    1.51E+21
   78.9128 -69.6252   0.6008    1.54E+21
   78.9780 -69.5450   0.5360    1.65E+21
   79.0426 -69.4647   0.4773    1.90E+21
   79.1064 -69.3844   0.4270    2.25E+21
   79.1696 -69.3039   0.3886    2.51E+21
   79.2321 -69.2235   0.3658    2.57E+21
   79.2939 -69.1430   0.3616    2.55E+21
   79.3552 -69.0624   0.3765    2.59E+21
   79.4157 -68.9818   0.4084    2.66E+21
   79.4756 -68.9011   0.4538    2.73E+21
   79.5350 -68.8204   0.5091    2.74E+21
   79.5936 -68.7396   0.5714    2.77E+21
   79.6517 -68.6588   0.6386    2.74E+21
   79.7092 -68.5780   0.7094    2.71E+21
   79.7660 -68.4970   0.7828    2.74E+21
   79.8223 -68.4161   0.8580    2.75E+21
   79.8780 -68.3351   0.9348    2.76E+21
   79.9330 -68.2540   1.0126    2.77E+21
   79.9876 -68.1729   1.0914    3.09E+21
   80.0415 -68.0917   1.1708    3.50E+21
   80.0949 -68.0105   1.2508    3.71E+21
   80.1477 -67.9293   1.3313    3.70E+21
   80.1999 -67.8480   1.4121    3.28E+21
   80.2517 -67.7667   1.4933    2.65E+21
   80.3028 -67.6853   1.5748    2.19E+21
   80.3535 -67.6039   1.6565    1.89E+21
   80.4036 -67.5224   1.7383    1.72E+21
   80.4531 -67.4409   1.8204    1.70E+21
   80.5022 -67.3593   1.9026    1.75E+21
   80.5507 -67.2777   1.9849    1.87E+21
   80.5988 -67.1961   2.0674    2.09E+21
   80.6463 -67.1144   2.1499    2.20E+21
   80.6933 -67.0327   2.2326    2.07E+21
   80.7398 -66.9509   2.3153    1.93E+21
   80.7859 -66.8691   2.3981    1.89E+21
   80.8314 -66.7873   2.4810    2.04E+21
   80.8765 -66.7054   2.5639    2.29E+21
   80.9211 -66.6235   2.6469    2.51E+21
   80.9652 -66.5415   2.7299    2.68E+21
   77.5733 -71.3669   2.3117    1.49E+21
   77.6544 -71.2878   2.2279    1.50E+21
   77.7346 -71.2087   2.1441    1.61E+21
   77.8139 -71.1295   2.0604    1.71E+21
   77.8924 -71.0503   1.9769    1.72E+21
   77.9701 -70.9709   1.8934    1.59E+21
   78.0469 -70.8916   1.8100    1.46E+21
   78.1229 -70.8121   1.7268    1.40E+21
   78.1981 -70.7326   1.6437    1.41E+21
   78.2725 -70.6531   1.5608    1.46E+21
   78.3461 -70.5734   1.4780    1.45E+21
   78.4190 -70.4937   1.3954    1.42E+21
   78.4910 -70.4140   1.3131    1.42E+21
   78.5623 -70.3342   1.2310    1.47E+21
   78.6328 -70.2543   1.1492    1.45E+21
   78.7026 -70.1744   1.0678    1.42E+21
   78.7717 -70.0944   0.9869    1.40E+21
   78.8400 -70.0143   0.9066    1.45E+21
   78.9076 -69.9342   0.8270    1.55E+21
   78.9745 -69.8541   0.7484    1.63E+21
   79.0407 -69.7739   0.6712    1.69E+21
   79.1061 -69.6936   0.5958    1.73E+21
   79.1709 -69.6133   0.5230    1.84E+21
   79.2350 -69.5329   0.4541    2.05E+21
   79.2984 -69.4524   0.3911    2.31E+21
   79.3612 -69.3720   0.3374    2.55E+21
   79.4233 -69.2914   0.2980    2.65E+21
   79.4847 -69.2108   0.2789    2.57E+21
   79.5455 -69.1302   0.2844    2.46E+21
   79.6057 -69.0495   0.3131    2.38E+21
   79.6652 -68.9688   0.3594    2.32E+21
   79.7241 -68.8880   0.4176    2.38E+21
   79.7824 -68.8071   0.4834    2.57E+21
   79.8400 -68.7262   0.5541    2.73E+21
   79.8971 -68.6453   0.6280    2.81E+21
   79.9535 -68.5643   0.7041    2.94E+21
   80.0094 -68.4833   0.7818    3.06E+21
   80.0646 -68.4022   0.8606    3.09E+21
   80.1193 -68.3210   0.9403    3.10E+21
   80.1734 -68.2399   1.0206    3.39E+21
   80.2270 -68.1586   1.1014    3.83E+21
   80.2799 -68.0774   1.1826    3.98E+21
   80.3324 -67.9961   1.2642    4.12E+21
   80.3842 -67.9147   1.3460    4.05E+21
   80.4355 -67.8333   1.4281    3.32E+21
   80.4863 -67.7518   1.5103    2.56E+21
   80.5365 -67.6704   1.5927    2.12E+21
   80.5863 -67.5888   1.6752    1.87E+21
   80.6354 -67.5072   1.7578    1.75E+21
   80.6841 -67.4256   1.8405    1.74E+21
   80.7322 -67.3440   1.9233    1.75E+21
   80.7799 -67.2623   2.0062    1.84E+21
   80.8270 -67.1805   2.0892    2.08E+21
   80.8736 -67.0987   2.1722    2.10E+21
   80.9198 -67.0169   2.2552    1.90E+21
   80.9654 -66.9350   2.3384    1.74E+21
   81.0106 -66.8531   2.4215    1.67E+21
   81.0553 -66.7712   2.5047    1.82E+21
   81.0995 -66.6892   2.5879    2.13E+21
   81.1432 -66.6072   2.6712    2.42E+21
   77.7769 -71.4367   2.3476    1.58E+21
   77.8575 -71.3576   2.2635    1.60E+21
   77.9373 -71.2784   2.1795    1.68E+21
   78.0162 -71.1991   2.0956    1.78E+21
   78.0943 -71.1197   2.0117    1.82E+21
   78.1715 -71.0403   1.9279    1.71E+21
   78.2479 -70.9609   1.8441    1.53E+21
   78.3235 -70.8813   1.7604    1.36E+21
   78.3982 -70.8017   1.6768    1.32E+21
   78.4722 -70.7221   1.5933    1.34E+21
   78.5454 -70.6424   1.5098    1.35E+21
   78.6178 -70.5626   1.4265    1.32E+21
   78.6894 -70.4827   1.3433    1.29E+21
   78.7603 -70.4028   1.2602    1.34E+21
   78.8304 -70.3229   1.1773    1.41E+21
   78.8997 -70.2429   1.0946    1.46E+21
   78.9684 -70.1628   1.0121    1.50E+21
   79.0362 -70.0827   0.9298    1.57E+21
   79.1034 -70.0025   0.8480    1.72E+21
   79.1699 -69.9222   0.7665    1.82E+21
   79.2356 -69.8419   0.6857    1.90E+21
   79.3007 -69.7616   0.6058    1.95E+21
   79.3650 -69.6812   0.5271    2.02E+21
   79.4287 -69.6007   0.4503    2.16E+21
   79.4917 -69.5202   0.3765    2.36E+21
   79.5540 -69.4396   0.3079    2.53E+21
   79.6157 -69.3590   0.2487    2.55E+21
   79.6767 -69.2784   0.2074    2.49E+21
   79.7371 -69.1976   0.1954    2.37E+21
   79.7968 -69.1169   0.2177    2.28E+21
   79.8559 -69.0360   0.2658    2.21E+21
   79.9144 -68.9552   0.3285    2.20E+21
   79.9722 -68.8743   0.3990    2.37E+21
   80.0295 -68.7933   0.4738    2.67E+21
   80.0861 -68.7123   0.5512    2.85E+21
   80.1421 -68.6312   0.6302    2.99E+21
   80.1976 -68.5501   0.7102    3.17E+21
   80.2524 -68.4689   0.7911    3.23E+21
   80.3067 -68.3877   0.8724    3.25E+21
   80.3604 -68.3065   0.9542    3.39E+21
   80.4135 -68.2252   1.0362    3.78E+21
   80.4661 -68.1439   1.1185    4.20E+21
   80.5181 -68.0625   1.2010    4.44E+21
   80.5695 -67.9810   1.2836    4.38E+21
   80.6204 -67.8996   1.3664    4.05E+21
   80.6708 -67.8181   1.4493    3.14E+21
   80.7206 -67.7365   1.5322    2.46E+21
   80.7699 -67.6549   1.6152    2.04E+21
   80.8187 -67.5733   1.6983    1.85E+21
   80.8670 -67.4916   1.7815    1.80E+21
   80.9147 -67.4098   1.8646    1.79E+21
   80.9620 -67.3281   1.9479    1.76E+21
   81.0087 -67.2463   2.0311    1.87E+21
   81.0549 -67.1644   2.1144    2.03E+21
   81.1007 -67.0825   2.1977    1.96E+21
   81.1459 -67.0006   2.2811    1.71E+21
   81.1907 -66.9186   2.3645    1.51E+21
   81.2350 -66.8366   2.4479    1.43E+21
   81.2788 -66.7546   2.5313    1.47E+21
   81.3222 -66.6725   2.6147    1.75E+21
   77.9819 -71.5062   2.3867    1.66E+21
   78.0621 -71.4270   2.3025    1.65E+21
   78.1415 -71.3477   2.2184    1.68E+21
   78.2199 -71.2683   2.1343    1.72E+21
   78.2975 -71.1889   2.0503    1.75E+21
   78.3743 -71.1094   1.9663    1.72E+21
   78.4503 -71.0298   1.8823    1.53E+21
   78.5254 -70.9502   1.7984    1.33E+21
   78.5997 -70.8705   1.7145    1.22E+21
   78.6733 -70.7908   1.6306    1.21E+21
   78.7460 -70.7110   1.5468    1.23E+21
   78.8180 -70.6311   1.4631    1.23E+21
   78.8891 -70.5512   1.3794    1.21E+21
   78.9596 -70.4712   1.2958    1.25E+21
   79.0292 -70.3911   1.2122    1.36E+21
   79.0981 -70.3110   1.1287    1.46E+21
   79.1663 -70.2309   1.0453    1.57E+21
   79.2338 -70.1507   0.9619    1.68E+21
   79.3005 -70.0704   0.8787    1.83E+21
   79.3665 -69.9901   0.7957    1.97E+21
   79.4318 -69.9097   0.7128    2.03E+21
   79.4964 -69.8292   0.6302    2.09E+21
   79.5604 -69.7488   0.5480    2.12E+21
   79.6236 -69.6682   0.4663    2.24E+21
   79.6862 -69.5876   0.3855    2.37E+21
   79.7481 -69.5070   0.3064    2.44E+21
   79.8093 -69.4263   0.2305    2.38E+21
   79.8699 -69.3455   0.1625    2.27E+21
   79.9298 -69.2647   0.1170    2.15E+21
   79.9891 -69.1839   0.1225    2.05E+21
   80.0478 -69.1030   0.1741    2.02E+21
   80.1058 -69.0221   0.2441    2.03E+21
   80.1632 -68.9411   0.3208    2.18E+21
   80.2200 -68.8600   0.4002    2.44E+21
   80.2762 -68.7789   0.4811    2.64E+21
   80.3319 -68.6978   0.5628    2.75E+21
   80.3869 -68.6166   0.6450    2.84E+21
   80.4413 -68.5354   0.7275    3.00E+21
   80.4951 -68.4541   0.8102    3.20E+21
   80.5484 -68.3728   0.8931    3.48E+21
   80.6011 -68.2914   0.9761    3.71E+21
   80.6533 -68.2100   1.0592    4.00E+21
   80.7048 -68.1286   1.1424    4.36E+21
   80.7559 -68.0471   1.2256    4.43E+21
   80.8064 -67.9655   1.3089    4.13E+21
   80.8563 -67.8839   1.3922    3.47E+21
   80.9057 -67.8023   1.4755    2.63E+21
   80.9546 -67.7206   1.5589    2.21E+21
   81.0030 -67.6389   1.6423    2.03E+21
   81.0508 -67.5572   1.7257    1.95E+21
   81.0982 -67.4754   1.8091    1.93E+21
   81.1450 -67.3935   1.8926    1.89E+21
   81.1913 -67.3117   1.9761    1.86E+21
   81.2372 -67.2298   2.0595    1.91E+21
   81.2825 -67.1478   2.1430    1.91E+21
   81.3274 -67.0658   2.2265    1.70E+21
   81.3717 -66.9838   2.3100    1.42E+21
   81.4156 -66.9017   2.3935    1.21E+21
   81.4590 -66.8196   2.4771    1.13E+21
   81.5020 -66.7374   2.5606    1.20E+21
   78.1885 -71.5754   2.4288    1.69E+21
   78.2682 -71.4961   2.3447    1.65E+21
   78.3471 -71.4167   2.2606    1.64E+21
   78.4251 -71.3372   2.1765    1.67E+21
   78.5023 -71.2577   2.0924    1.67E+21
   78.5786 -71.1781   2.0084    1.64E+21
   78.6541 -71.0984   1.9244    1.54E+21
   78.7288 -71.0187   1.8404    1.33E+21
   78.8027 -70.9389   1.7565    1.15E+21
   78.8757 -70.8591   1.6726    1.08E+21
   78.9480 -70.7792   1.5887    1.09E+21
   79.0195 -70.6993   1.5048    1.15E+21
   79.0902 -70.6192   1.4210    1.19E+21
   79.1602 -70.5392   1.3371    1.22E+21
   79.2294 -70.4590   1.2533    1.32E+21
   79.2979 -70.3788   1.1696    1.51E+21
   79.3656 -70.2986   1.0858    1.67E+21
   79.4326 -70.2183   1.0021    1.78E+21
   79.4989 -70.1380   0.9184    1.85E+21
   79.5644 -70.0575   0.8347    1.92E+21
   79.6293 -69.9771   0.7511    1.96E+21
   79.6935 -69.8966   0.6674    1.99E+21
   79.7569 -69.8160   0.5838    2.04E+21
   79.8197 -69.7354   0.5003    2.13E+21
   79.8818 -69.6547   0.4168    2.22E+21
   79.9433 -69.5740   0.3334    2.23E+21
   80.0041 -69.4932   0.2502    2.08E+21
   80.0642 -69.4124   0.1674    1.88E+21
   80.1237 -69.3315   0.0863    1.74E+21
   80.1826 -69.2506   0.0290    1.72E+21
   80.2408 -69.1696   0.0906    1.82E+21
   80.2984 -69.0886   0.1720    1.95E+21
   80.3554 -69.0075   0.2547    2.09E+21
   80.4117 -68.9264   0.3379    2.23E+21
   80.4675 -68.8452   0.4212    2.26E+21
   80.5227 -68.7640   0.5046    2.26E+21
   80.5773 -68.6828   0.5881    2.39E+21
   80.6313 -68.6015   0.6715    2.61E+21
   80.6847 -68.5201   0.7550    2.88E+21
   80.7375 -68.4387   0.8385    3.22E+21
   80.7898 -68.3573   0.9220    3.60E+21
   80.8415 -68.2758   1.0055    3.90E+21
   80.8927 -68.1943   1.0890    4.04E+21
   80.9433 -68.1127   1.1725    4.01E+21
   80.9933 -68.0311   1.2560    3.72E+21
   81.0429 -67.9495   1.3395    3.35E+21
   81.0919 -67.8678   1.4231    2.89E+21
   81.1403 -67.7860   1.5066    2.50E+21
   81.1883 -67.7043   1.5901    2.25E+21
   81.2357 -67.6224   1.6736    2.17E+21
   81.2826 -67.5406   1.7571    2.14E+21
   81.3290 -67.4587   1.8407    2.16E+21
   81.3750 -67.3767   1.9242    2.14E+21
   81.4204 -67.2948   2.0077    2.05E+21
   81.4653 -67.2127   2.0913    1.88E+21
   81.5097 -67.1307   2.1748    1.67E+21
   81.5537 -67.0486   2.2584    1.42E+21
   81.5972 -66.9665   2.3419    1.14E+21
   81.6402 -66.8843   2.4255    9.93E+20
   81.6828 -66.8021   2.5090    9.48E+20
   78.3966 -71.6442   2.4739    1.73E+21
   78.4758 -71.5648   2.3898    1.65E+21
   78.5542 -71.4853   2.3058    1.61E+21
   78.6318 -71.4058   2.2219    1.64E+21
   78.7085 -71.3261   2.1379    1.65E+21
   78.7843 -71.2465   2.0540    1.61E+21
   78.8593 -71.1667   1.9702    1.49E+21
   78.9336 -71.0869   1.8863    1.29E+21
   79.0070 -71.0070   1.8025    1.13E+21
   79.0796 -70.9271   1.7187    1.07E+21
   79.1514 -70.8471   1.6350    1.07E+21
   79.2224 -70.7671   1.5512    1.12E+21
   79.2927 -70.6870   1.4675    1.20E+21
   79.3622 -70.6068   1.3838    1.24E+21
   79.4309 -70.5266   1.3002    1.31E+21
   79.4989 -70.4463   1.2166    1.43E+21
   79.5662 -70.3660   1.1330    1.63E+21
   79.6327 -70.2856   1.0494    1.76E+21
   79.6985 -70.2052   0.9659    1.85E+21
   79.7636 -70.1247   0.8824    1.87E+21
   79.8280 -70.0441   0.7989    1.88E+21
   79.8917 -69.9635   0.7155    1.89E+21
   79.9547 -69.8829   0.6322    1.95E+21
   80.0171 -69.8022   0.5490    2.02E+21
   80.0787 -69.7214   0.4659    2.07E+21
   80.1397 -69.6406   0.3830    2.05E+21
   80.2001 -69.5598   0.3005    1.89E+21
   80.2598 -69.4789   0.2189    1.59E+21
   80.3188 -69.3979   0.1395    1.46E+21
   80.3772 -69.3169   0.0704    1.49E+21
   80.4350 -69.2359   0.0665    1.64E+21
   80.4921 -69.1548   0.1335    1.88E+21
   80.5487 -69.0736   0.2126    2.08E+21
   80.6046 -68.9924   0.2941    2.20E+21
   80.6599 -68.9112   0.3764    2.23E+21
   80.7146 -68.8299   0.4592    2.15E+21
   80.7688 -68.7486   0.5422    2.08E+21
   80.8223 -68.6672   0.6253    2.15E+21
   80.8753 -68.5858   0.7085    2.39E+21
   80.9277 -68.5043   0.7918    2.73E+21
   80.9795 -68.4228   0.8751    3.19E+21
   81.0308 -68.3413   0.9584    3.80E+21
   81.0815 -68.2597   1.0418    3.89E+21
   81.1317 -68.1781   1.1251    3.79E+21
   81.1813 -68.0964   1.2085    3.55E+21
   81.2304 -68.0147   1.2919    3.27E+21
   81.2790 -67.9329   1.3753    2.89E+21
   81.3270 -67.8511   1.4587    2.66E+21
   81.3746 -67.7693   1.5421    2.58E+21
   81.4216 -67.6874   1.6255    2.50E+21
   81.4681 -67.6054   1.7090    2.45E+21
   81.5141 -67.5235   1.7924    2.38E+21
   81.5596 -67.4415   1.8759    2.36E+21
   81.6046 -67.3594   1.9593    2.23E+21
   81.6491 -67.2774   2.0428    2.01E+21
   81.6931 -67.1952   2.1262    1.57E+21
   81.7366 -67.1131   2.2097    1.31E+21
   81.7797 -67.0309   2.2932    1.05E+21
   81.8223 -66.9486   2.3766    9.09E+20
   81.8644 -66.8664   2.4601    8.13E+20
   78.6061 -71.7127   2.5217    1.77E+21
   78.6849 -71.6332   2.4379    1.66E+21
   78.7628 -71.5536   2.3541    1.59E+21
   78.8399 -71.4740   2.2704    1.61E+21
   78.9161 -71.3942   2.1867    1.64E+21
   78.9915 -71.3145   2.1030    1.64E+21
   79.0660 -71.2346   2.0194    1.56E+21
   79.1398 -71.1547   1.9358    1.42E+21
   79.2127 -71.0748   1.8523    1.23E+21
   79.2848 -70.9948   1.7688    1.10E+21
   79.3561 -70.9147   1.6854    1.11E+21
   79.4267 -70.8345   1.6020    1.16E+21
   79.4965 -70.7544   1.5186    1.23E+21
   79.5655 -70.6741   1.4353    1.26E+21
   79.6338 -70.5938   1.3521    1.28E+21
   79.7013 -70.5134   1.2690    1.32E+21
   79.7681 -70.4330   1.1859    1.42E+21
   79.8341 -70.3526   1.1029    1.61E+21
   79.8995 -70.2720   1.0201    1.75E+21
   79.9641 -70.1915   0.9373    1.85E+21
   80.0280 -70.1108   0.8548    1.89E+21
   80.0913 -70.0302   0.7725    1.91E+21
   80.1538 -69.9494   0.6905    1.96E+21
   80.2157 -69.8687   0.6089    2.03E+21
   80.2769 -69.7878   0.5279    2.09E+21
   80.3374 -69.7069   0.4478    2.01E+21
   80.3973 -69.6260   0.3692    1.81E+21
   80.4565 -69.5450   0.2934    1.55E+21
   80.5151 -69.4640   0.2231    1.33E+21
   80.5730 -69.3829   0.1655    1.34E+21
   80.6303 -69.3018   0.1376    1.50E+21
   80.6870 -69.2206   0.1563    1.73E+21
   80.7431 -69.1394   0.2093    2.01E+21
   80.7986 -69.0581   0.2777    2.17E+21
   80.8534 -68.9768   0.3526    2.16E+21
   80.9077 -68.8955   0.4307    1.99E+21
   80.9614 -68.8141   0.5104    1.77E+21
   81.0145 -68.7326   0.5912    1.72E+21
   81.0670 -68.6511   0.6726    1.87E+21
   81.1190 -68.5696   0.7544    2.31E+21
   81.1704 -68.4880   0.8366    2.71E+21
   81.2212 -68.4064   0.9190    3.19E+21
   81.2715 -68.3248   1.0015    3.46E+21
   81.3212 -68.2430   1.0842    3.27E+21
   81.3704 -68.1613   1.1669    2.92E+21
   81.4190 -68.0795   1.2498    2.60E+21
   81.4672 -67.9977   1.3327    2.37E+21
   81.5148 -67.9158   1.4157    2.40E+21
   81.5619 -67.8339   1.4988    2.58E+21
   81.6084 -67.7520   1.5818    2.56E+21
   81.6545 -67.6700   1.6650    2.47E+21
   81.7001 -67.5879   1.7481    2.38E+21
   81.7451 -67.5059   1.8313    2.28E+21
   81.7897 -67.4238   1.9145    2.16E+21
   81.8338 -67.3416   1.9977    1.92E+21
   81.8774 -67.2594   2.0809    1.54E+21
   81.9205 -67.1772   2.1642    1.22E+21
   81.9631 -67.0950   2.2475    1.02E+21
   82.0053 -67.0127   2.3308    8.82E+20
   82.0470 -66.9303   2.4141    7.87E+20
   78.8172 -71.7809   2.5721    1.74E+21
   78.8955 -71.7012   2.4886    1.66E+21
   78.9729 -71.6216   2.4051    1.58E+21
   79.0495 -71.5418   2.3217    1.56E+21
   79.1252 -71.4620   2.2384    1.61E+21
   79.2001 -71.3821   2.1551    1.63E+21
   79.2742 -71.3022   2.0718    1.63E+21
   79.3474 -71.2222   1.9886    1.51E+21
   79.4198 -71.1422   1.9055    1.35E+21
   79.4914 -71.0621   1.8225    1.18E+21
   79.5623 -70.9819   1.7395    1.12E+21
   79.6324 -70.9017   1.6566    1.16E+21
   79.7016 -70.8214   1.5739    1.24E+21
   79.7702 -70.7411   1.4912    1.31E+21
   79.8380 -70.6607   1.4086    1.33E+21
   79.9050 -70.5802   1.3262    1.28E+21
   79.9713 -70.4997   1.2439    1.29E+21
   80.0369 -70.4192   1.1619    1.42E+21
   80.1017 -70.3386   1.0800    1.60E+21
   80.1659 -70.2579   0.9985    1.71E+21
   80.2293 -70.1772   0.9173    1.83E+21
   80.2921 -70.0964   0.8365    1.87E+21
   80.3541 -70.0156   0.7564    1.96E+21
   80.4155 -69.9348   0.6770    2.02E+21
   80.4762 -69.8539   0.5988    2.09E+21
   80.5363 -69.7729   0.5222    2.08E+21
   80.5957 -69.6919   0.4480    1.92E+21
   80.6544 -69.6108   0.3776    1.68E+21
   80.7125 -69.5297   0.3137    1.47E+21
   80.7700 -69.4486   0.2611    1.37E+21
   80.8269 -69.3674   0.2277    1.49E+21
   80.8831 -69.2861   0.2222    1.71E+21
   80.9387 -69.2048   0.2466    1.90E+21
   80.9937 -69.1235   0.2935    2.07E+21
   81.0481 -69.0421   0.3541    2.09E+21
   81.1019 -68.9607   0.4225    2.00E+21
   81.1551 -68.8792   0.4955    1.82E+21
   81.2078 -68.7977   0.5713    1.66E+21
   81.2598 -68.7161   0.6490    1.65E+21
   81.3113 -68.6345   0.7279    1.78E+21
   81.3623 -68.5529   0.8077    1.99E+21
   81.4126 -68.4712   0.8882    2.21E+21
   81.4625 -68.3895   0.9691    2.53E+21
   81.5117 -68.3077   1.0504    2.70E+21
   81.5605 -68.2259   1.1320    2.59E+21
   81.6087 -68.1440   1.2139    2.42E+21
   81.6564 -68.0621   1.2959    2.14E+21
   81.7035 -67.9802   1.3781    2.04E+21
   81.7502 -67.8982   1.4605    2.04E+21
   81.7963 -67.8162   1.5429    2.11E+21
   81.8419 -67.7342   1.6254    2.20E+21
   81.8870 -67.6521   1.7081    2.17E+21
   81.9317 -67.5699   1.7908    2.13E+21
   81.9758 -67.4878   1.8735    2.06E+21
   82.0195 -67.4056   1.9563    1.90E+21
   82.0626 -67.3233   2.0392    1.63E+21
   82.1053 -67.2410   2.1221    1.33E+21
   82.1475 -67.1587   2.2050    1.04E+21
   82.1893 -67.0764   2.2880    8.93E+20
   82.2306 -66.9940   2.3711    7.95E+20
   79.0298 -71.8486   2.6250    1.72E+21
   79.1076 -71.7689   2.5419    1.65E+21
   79.1845 -71.6891   2.4588    1.58E+21
   79.2606 -71.6093   2.3758    1.52E+21
   79.3358 -71.5294   2.2929    1.50E+21
   79.4102 -71.4494   2.2100    1.54E+21
   79.4837 -71.3694   2.1273    1.56E+21
   79.5565 -71.2893   2.0446    1.54E+21
   79.6284 -71.2092   1.9620    1.43E+21
   79.6995 -71.1290   1.8795    1.28E+21
   79.7698 -71.0487   1.7971    1.15E+21
   79.8394 -70.9684   1.7149    1.15E+21
   79.9082 -70.8881   1.6328    1.26E+21
   79.9762 -70.8077   1.5509    1.35E+21
   80.0435 -70.7272   1.4692    1.38E+21
   80.1100 -70.6466   1.3877    1.33E+21
   80.1758 -70.5661   1.3064    1.26E+21
   80.2409 -70.4854   1.2255    1.28E+21
   80.3053 -70.4047   1.1449    1.38E+21
   80.3689 -70.3240   1.0647    1.42E+21
   80.4319 -70.2432   0.9851    1.47E+21
   80.4941 -70.1624   0.9062    1.64E+21
   80.5557 -70.0815   0.8281    1.70E+21
   80.6166 -70.0005   0.7512    1.78E+21
   80.6768 -69.9196   0.6759    1.88E+21
   80.7364 -69.8385   0.6026    1.94E+21
   80.7953 -69.7574   0.5323    1.93E+21
   80.8536 -69.6763   0.4663    1.82E+21
   80.9112 -69.5951   0.4068    1.62E+21
   80.9682 -69.5139   0.3569    1.48E+21
   81.0246 -69.4326   0.3211    1.49E+21
   81.0803 -69.3513   0.3045    1.63E+21
   81.1354 -69.2699   0.3102    1.73E+21
   81.1900 -69.1885   0.3370    1.83E+21
   81.2439 -69.1070   0.3805    1.91E+21
   81.2972 -69.0255   0.4358    1.79E+21
   81.3500 -68.9440   0.4988    1.64E+21
   81.4021 -68.8624   0.5672    1.53E+21
   81.4537 -68.7808   0.6390    1.53E+21
   81.5048 -68.6991   0.7134    1.55E+21
   81.5552 -68.6174   0.7895    1.61E+21
   81.6051 -68.5356   0.8670    1.69E+21
   81.6545 -68.4538   0.9454    1.90E+21
   81.7033 -68.3720   1.0246    2.04E+21
   81.7516 -68.2901   1.1044    2.07E+21
   81.7994 -68.2082   1.1847    2.03E+21
   81.8466 -68.1262   1.2654    1.94E+21
   81.8933 -68.0442   1.3463    1.87E+21
   81.9395 -67.9622   1.4276    1.87E+21
   81.9852 -67.8801   1.5091    1.95E+21
   82.0303 -67.7980   1.5908    2.03E+21
   82.0750 -67.7158   1.6726    2.05E+21
   82.1192 -67.6336   1.7546    1.97E+21
   82.1629 -67.5514   1.8367    1.86E+21
   82.2061 -67.4691   1.9189    1.72E+21
   82.2488 -67.3868   2.0012    1.55E+21
   82.2911 -67.3045   2.0836    1.34E+21
   82.3329 -67.2221   2.1661    1.13E+21
   82.3742 -67.1397   2.2486    9.36E+20
   82.4150 -67.0572   2.3312    8.24E+20
   79.2440 -71.9161   2.6803    1.69E+21
   79.3213 -71.8362   2.5976    1.63E+21
   79.3977 -71.7564   2.5150    1.56E+21
   79.4732 -71.6764   2.4324    1.51E+21
   79.5479 -71.5964   2.3500    1.47E+21
   79.6217 -71.5164   2.2677    1.48E+21
   79.6948 -71.4363   2.1855    1.51E+21
   79.7670 -71.3561   2.1034    1.50E+21
   79.8384 -71.2759   2.0214    1.43E+21
   79.9090 -71.1956   1.9396    1.30E+21
   79.9788 -71.1152   1.8579    1.19E+21
   80.0478 -71.0349   1.7764    1.11E+21
   80.1161 -70.9544   1.6952    1.17E+21
   80.1836 -70.8739   1.6141    1.27E+21
   80.2504 -70.7933   1.5333    1.35E+21
   80.3164 -70.7127   1.4529    1.36E+21
   80.3817 -70.6321   1.3727    1.32E+21
   80.4463 -70.5513   1.2930    1.27E+21
   80.5102 -70.4706   1.2138    1.24E+21
   80.5733 -70.3897   1.1352    1.24E+21
   80.6357 -70.3089   1.0573    1.23E+21
   80.6975 -70.2279   0.9803    1.30E+21
   80.7586 -70.1470   0.9044    1.40E+21
   80.8190 -70.0660   0.8299    1.44E+21
   80.8787 -69.9849   0.7573    1.49E+21
   80.9378 -69.9038   0.6871    1.62E+21
   80.9962 -69.8226   0.6201    1.69E+21
   81.0539 -69.7414   0.5575    1.71E+21
   81.1111 -69.6601   0.5009    1.64E+21
   81.1676 -69.5788   0.4527    1.50E+21
   81.2234 -69.4975   0.4157    1.41E+21
   81.2787 -69.4161   0.3931    1.43E+21
   81.3333 -69.3346   0.3874    1.44E+21
   81.3874 -69.2532   0.3993    1.41E+21
   81.4408 -69.1716   0.4274    1.42E+21
   81.4937 -69.0901   0.4688    1.49E+21
   81.5459 -69.0084   0.5203    1.47E+21
   81.5976 -68.9268   0.5792    1.45E+21
   81.6488 -68.8451   0.6434    1.38E+21
   81.6993 -68.7633   0.7117    1.39E+21
   81.7493 -68.6815   0.7828    1.40E+21
   81.7987 -68.5997   0.8561    1.50E+21
   81.8476 -68.5179   0.9311    1.65E+21
   81.8960 -68.4359   1.0073    1.77E+21
   81.9438 -68.3540   1.0846    1.86E+21
   81.9911 -68.2720   1.1627    1.95E+21
   82.0379 -68.1900   1.2415    1.97E+21
   82.0841 -68.1079   1.3208    1.96E+21
   82.1298 -68.0258   1.4006    1.94E+21
   82.1750 -67.9437   1.4808    1.97E+21
   82.2198 -67.8615   1.5612    1.97E+21
   82.2640 -67.7793   1.6420    1.91E+21
   82.3077 -67.6970   1.7230    1.82E+21
   82.3510 -67.6147   1.8042    1.71E+21
   82.3937 -67.5324   1.8856    1.61E+21
   82.4360 -67.4500   1.9672    1.53E+21
   82.4778 -67.3676   2.0489    1.40E+21
   82.5191 -67.2852   2.1307    1.23E+21
   82.5600 -67.2027   2.2127    1.01E+21
   82.6004 -67.1202   2.2947    8.37E+20
   79.4597 -71.9831   2.7378    1.62E+21
   79.5364 -71.9032   2.6556    1.62E+21
   79.6123 -71.8232   2.5735    1.58E+21
   79.6873 -71.7432   2.4915    1.55E+21
   79.7614 -71.6631   2.4096    1.58E+21
   79.8348 -71.5830   2.3279    1.58E+21
   79.9072 -71.5028   2.2463    1.56E+21
   79.9789 -71.4225   2.1648    1.51E+21
   80.0498 -71.3422   2.0835    1.46E+21
   80.1199 -71.2618   2.0024    1.38E+21
   80.1892 -71.1814   1.9216    1.28E+21
   80.2577 -71.1009   1.8409    1.16E+21
   80.3254 -71.0204   1.7605    1.09E+21
   80.3924 -70.9398   1.6804    1.16E+21
   80.4587 -70.8591   1.6007    1.24E+21
   80.5242 -70.7784   1.5213    1.30E+21
   80.5890 -70.6977   1.4424    1.31E+21
   80.6530 -70.6169   1.3640    1.30E+21
   80.7163 -70.5360   1.2862    1.25E+21
   80.7790 -70.4551   1.2092    1.18E+21
   80.8409 -70.3742   1.1330    1.11E+21
   80.9021 -70.2932   1.0579    1.11E+21
   80.9627 -70.2121   0.9841    1.19E+21
   81.0226 -70.1310   0.9119    1.30E+21
   81.0818 -70.0499   0.8418    1.38E+21
   81.1403 -69.9687   0.7742    1.43E+21
   81.1983 -69.8874   0.7100    1.50E+21
   81.2555 -69.8061   0.6500    1.50E+21
   81.3121 -69.7248   0.5957    1.51E+21
   81.3681 -69.6434   0.5486    1.42E+21
   81.4235 -69.5620   0.5109    1.33E+21
   81.4783 -69.4805   0.4845    1.25E+21
   81.5324 -69.3990   0.4716    1.23E+21
   81.5860 -69.3175   0.4731    1.18E+21
   81.6389 -69.2359   0.4889    1.18E+21
   81.6913 -69.1542   0.5178    1.25E+21
   81.7431 -69.0725   0.5576    1.40E+21
   81.7943 -68.9908   0.6064    1.38E+21
   81.8449 -68.9090   0.6620    1.26E+21
   81.8950 -68.8272   0.7229    1.21E+21
   81.9445 -68.7454   0.7878    1.25E+21
   81.9934 -68.6635   0.8560    1.34E+21
   82.0418 -68.5815   0.9265    1.64E+21
   82.0897 -68.4995   0.9991    1.89E+21
   82.1371 -68.4175   1.0731    2.05E+21
   82.1839 -68.3355   1.1484    2.10E+21
   82.2302 -68.2534   1.2248    2.13E+21
   82.2759 -68.1713   1.3019    2.14E+21
   82.3212 -68.0891   1.3798    2.13E+21
   82.3659 -68.0069   1.4583    2.08E+21
   82.4102 -67.9246   1.5372    2.07E+21
   82.4540 -67.8423   1.6166    1.97E+21
   82.4972 -67.7600   1.6964    1.93E+21
   82.5400 -67.6777   1.7764    1.83E+21
   82.5823 -67.5953   1.8568    1.68E+21
   82.6241 -67.5128   1.9374    1.51E+21
   82.6655 -67.4304   2.0182    1.38E+21
   82.7064 -67.3479   2.0992    1.25E+21
   82.7468 -67.2653   2.1804    1.07E+21
   82.7868 -67.1828   2.2618    8.49E+20
   79.6770 -72.0498   2.7974    1.47E+21
   79.7531 -71.9698   2.7158    1.55E+21
   79.8284 -71.8898   2.6342    1.54E+21
   79.9029 -71.8096   2.5528    1.55E+21
   79.9765 -71.7295   2.4715    1.61E+21
   80.0493 -71.6492   2.3904    1.68E+21
   80.1212 -71.5689   2.3094    1.66E+21
   80.1923 -71.4886   2.2287    1.61E+21
   80.2627 -71.4082   2.1482    1.55E+21
   80.3322 -71.3277   2.0679    1.51E+21
   80.4010 -71.2472   1.9878    1.42E+21
   80.4689 -71.1666   1.9080    1.29E+21
   80.5362 -71.0860   1.8286    1.15E+21
   80.6026 -71.0053   1.7495    1.14E+21
   80.6683 -70.9246   1.6708    1.20E+21
   80.7333 -70.8438   1.5926    1.26E+21
   80.7975 -70.7630   1.5150    1.29E+21
   80.8610 -70.6821   1.4379    1.32E+21
   80.9238 -70.6011   1.3616    1.29E+21
   80.9859 -70.5202   1.2861    1.21E+21
   81.0473 -70.4391   1.2116    1.12E+21
   81.1081 -70.3580   1.1384    1.07E+21
   81.1681 -70.2769   1.0665    1.11E+21
   81.2275 -70.1957   0.9965    1.20E+21
   81.2861 -70.1145   0.9286    1.28E+21
   81.3442 -70.0332   0.8633    1.33E+21
   81.4016 -69.9519   0.8013    1.33E+21
   81.4583 -69.8705   0.7435    1.32E+21
   81.5144 -69.7891   0.6909    1.30E+21
   81.5699 -69.7077   0.6447    1.29E+21
   81.6248 -69.6262   0.6064    1.22E+21
   81.6790 -69.5446   0.5775    1.13E+21
   81.7327 -69.4630   0.5596    9.84E+20
   81.7857 -69.3814   0.5538    9.13E+20
   81.8381 -69.2997   0.5603    9.14E+20
   81.8900 -69.2180   0.5788    1.04E+21
   81.9413 -69.1363   0.6081    1.24E+21
   81.9920 -69.0545   0.6469    1.39E+21
   82.0421 -68.9726   0.6935    1.35E+21
   82.0917 -68.8907   0.7464    1.20E+21
   82.1407 -68.8088   0.8045    1.19E+21
   82.1892 -68.7268   0.8666    1.35E+21
   82.2371 -68.6448   0.9320    1.65E+21
   82.2845 -68.5628   1.0000    2.31E+21
   82.3314 -68.4807   1.0702    2.58E+21
   82.3777 -68.3986   1.1421    2.57E+21
   82.4235 -68.3164   1.2154    2.35E+21
   82.4688 -68.2342   1.2900    2.28E+21
   82.5136 -68.1520   1.3655    2.30E+21
   82.5579 -68.0697   1.4418    2.30E+21
   82.6016 -67.9874   1.5189    2.31E+21
   82.6449 -67.9051   1.5966    2.40E+21
   82.6877 -67.8227   1.6748    2.43E+21
   82.7300 -67.7403   1.7535    2.28E+21
   82.7719 -67.6578   1.8325    2.02E+21
   82.8132 -67.5753   1.9120    1.69E+21
   82.8541 -67.4928   1.9917    1.47E+21
   82.8945 -67.4102   2.0717    1.36E+21
   82.9345 -67.3277   2.1520    1.22E+21
   82.9740 -67.2450   2.2325    1.01E+21
   79.8958 -72.1162   2.8591    1.28E+21
   79.9714 -72.0361   2.7779    1.40E+21
   80.0461 -71.9559   2.6970    1.48E+21
   80.1200 -71.8757   2.6162    1.53E+21
   80.1931 -71.7954   2.5355    1.61E+21
   80.2653 -71.7151   2.4551    1.76E+21
   80.3367 -71.6347   2.3749    1.87E+21
   80.4072 -71.5543   2.2948    1.85E+21
   80.4770 -71.4738   2.2151    1.74E+21
   80.5460 -71.3932   2.1356    1.66E+21
   80.6142 -71.3126   2.0564    1.62E+21
   80.6816 -71.2319   1.9776    1.53E+21
   80.7483 -71.1512   1.8991    1.41E+21
   80.8142 -71.0705   1.8211    1.31E+21
   80.8793 -70.9897   1.7435    1.27E+21
   80.9438 -70.9088   1.6665    1.27E+21
   81.0074 -70.8279   1.5901    1.29E+21
   81.0704 -70.7469   1.5143    1.30E+21
   81.1327 -70.6659   1.4394    1.32E+21
   81.1942 -70.5848   1.3655    1.28E+21
   81.2551 -70.5037   1.2927    1.21E+21
   81.3153 -70.4225   1.2211    1.16E+21
   81.3748 -70.3413   1.1511    1.14E+21
   81.4336 -70.2601   1.0830    1.21E+21
   81.4918 -70.1788   1.0171    1.28E+21
   81.5493 -70.0974   0.9538    1.32E+21
   81.6061 -70.0160   0.8938    1.33E+21
   81.6623 -69.9346   0.8377    1.28E+21
   81.7179 -69.8531   0.7863    1.21E+21
   81.7729 -69.7716   0.7408    1.18E+21
   81.8272 -69.6900   0.7021    1.16E+21
   81.8810 -69.6084   0.6715    1.09E+21
   81.9341 -69.5267   0.6501    9.67E+20
   81.9866 -69.4450   0.6388    8.56E+20
   82.0385 -69.3633   0.6382    8.30E+20
   82.0899 -69.2815   0.6484    8.99E+20
   82.1407 -69.1996   0.6687    1.10E+21
   82.1909 -69.1178   0.6984    1.35E+21
   82.2405 -69.0359   0.7363    1.43E+21
   82.2896 -68.9539   0.7812    1.34E+21
   82.3381 -68.8719   0.8320    1.23E+21
   82.3860 -68.7899   0.8876    1.31E+21
   82.4335 -68.7078   0.9473    1.59E+21
   82.4804 -68.6257   1.0102    2.05E+21
   82.5267 -68.5436   1.0759    2.75E+21
   82.5726 -68.4614   1.1439    2.95E+21
   82.6179 -68.3791   1.2137    2.95E+21
   82.6627 -68.2969   1.2851    2.79E+21
   82.7070 -68.2146   1.3579    2.81E+21
   82.7508 -68.1322   1.4317    2.69E+21
   82.7941 -68.0499   1.5066    2.57E+21
   82.8369 -67.9675   1.5822    2.54E+21
   82.8792 -67.8850   1.6586    2.55E+21
   82.9210 -67.8025   1.7356    2.51E+21
   82.9624 -67.7200   1.8131    2.36E+21
   83.0033 -67.6375   1.8911    2.21E+21
   83.0437 -67.5549   1.9696    1.95E+21
   83.0837 -67.4723   2.0484    1.75E+21
   83.1232 -67.3896   2.1275    1.58E+21
   83.1622 -67.3069   2.2070    1.36E+21
   80.1162 -72.1821   2.9226    1.22E+21
   80.1912 -72.1019   2.8420    1.29E+21
   80.2654 -72.0217   2.7617    1.41E+21
   80.3387 -71.9414   2.6815    1.52E+21
   80.4112 -71.8610   2.6016    1.62E+21
   80.4828 -71.7806   2.5218    1.78E+21
   80.5536 -71.7001   2.4423    1.94E+21
   80.6236 -71.6196   2.3631    2.03E+21
   80.6928 -71.5390   2.2841    1.99E+21
   80.7612 -71.4584   2.2055    1.88E+21
   80.8288 -71.3777   2.1272    1.85E+21
   80.8957 -71.2969   2.0493    1.80E+21
   80.9618 -71.2161   1.9718    1.68E+21
   81.0271 -71.1353   1.8948    1.51E+21
   81.0917 -71.0544   1.8184    1.43E+21
   81.1556 -70.9734   1.7425    1.38E+21
   81.2187 -70.8924   1.6673    1.38E+21
   81.2811 -70.8114   1.5930    1.34E+21
   81.3428 -70.7303   1.5195    1.30E+21
   81.4038 -70.6491   1.4470    1.30E+21
   81.4642 -70.5679   1.3757    1.28E+21
   81.5238 -70.4867   1.3058    1.25E+21
   81.5827 -70.4054   1.2375    1.23E+21
   81.6410 -70.3241   1.1711    1.28E+21
   81.6986 -70.2427   1.1069    1.39E+21
   81.7556 -70.1612   1.0453    1.45E+21
   81.8119 -70.0798   0.9869    1.43E+21
   81.8676 -69.9983   0.9323    1.36E+21
   81.9227 -69.9167   0.8820    1.24E+21
   81.9771 -69.8351   0.8369    1.19E+21
   82.0309 -69.7534   0.7980    1.19E+21
   82.0841 -69.6717   0.7660    1.18E+21
   82.1367 -69.5900   0.7420    1.13E+21
   82.1887 -69.5082   0.7267    9.70E+20
   82.2401 -69.4264   0.7207    8.52E+20
   82.2909 -69.3446   0.7242    8.63E+20
   82.3412 -69.2627   0.7370    9.96E+20
   82.3908 -69.1807   0.7587    1.24E+21
   82.4400 -69.0987   0.7886    1.45E+21
   82.4885 -69.0167   0.8258    1.52E+21
   82.5365 -68.9347   0.8694    1.43E+21
   82.5840 -68.8526   0.9183    1.40E+21
   82.6309 -68.7704   0.9719    1.59E+21
   82.6773 -68.6882   1.0294    2.01E+21
   82.7232 -68.6060   1.0902    2.98E+21
   82.7685 -68.5238   1.1538    3.60E+21
   82.8133 -68.4415   1.2196    3.73E+21
   82.8576 -68.3592   1.2875    3.50E+21
   82.9014 -68.2768   1.3571    3.17E+21
   82.9447 -68.1944   1.4281    3.01E+21
   82.9875 -68.1120   1.5003    2.77E+21
   83.0298 -68.0295   1.5736    2.50E+21
   83.0717 -67.9470   1.6478    2.32E+21
   83.1130 -67.8644   1.7229    2.21E+21
   83.1539 -67.7819   1.7986    2.32E+21
   83.1943 -67.6993   1.8750    2.37E+21
   83.2343 -67.6166   1.9519    2.28E+21
   83.2738 -67.5339   2.0294    2.10E+21
   83.3128 -67.4512   2.1072    1.87E+21
   83.3514 -67.3685   2.1855    1.62E+21
   80.3382 -72.2477   2.9879    1.29E+21
   80.4126 -72.1674   2.9079    1.29E+21
   80.4862 -72.0871   2.8282    1.35E+21
   80.5589 -72.0067   2.7487    1.48E+21
   80.6308 -71.9262   2.6695    1.61E+21
   80.7018 -71.8457   2.5905    1.74E+21
   80.7720 -71.7652   2.5117    1.89E+21
   80.8414 -71.6845   2.4333    2.08E+21
   80.9101 -71.6039   2.3551    2.18E+21
   80.9779 -71.5231   2.2774    2.09E+21
   81.0449 -71.4424   2.2000    2.00E+21
   81.1112 -71.3615   2.1230    2.00E+21
   81.1767 -71.2806   2.0466    1.98E+21
   81.2415 -71.1997   1.9706    1.94E+21
   81.3055 -71.1187   1.8952    1.86E+21
   81.3688 -71.0377   1.8205    1.79E+21
   81.4314 -70.9566   1.7466    1.64E+21
   81.4932 -70.8755   1.6735    1.52E+21
   81.5543 -70.7943   1.6013    1.39E+21
   81.6148 -70.7131   1.5302    1.31E+21
   81.6745 -70.6318   1.4604    1.29E+21
   81.7336 -70.5505   1.3920    1.28E+21
   81.7920 -70.4691   1.3252    1.32E+21
   81.8497 -70.3877   1.2604    1.39E+21
   81.9068 -70.3062   1.1978    1.48E+21
   81.9632 -70.2247   1.1377    1.54E+21
   82.0190 -70.1432   1.0807    1.55E+21
   82.0741 -70.0616   1.0272    1.47E+21
   82.1286 -69.9799   0.9778    1.39E+21
   82.1825 -69.8983   0.9332    1.34E+21
   82.2357 -69.8165   0.8940    1.35E+21
   82.2884 -69.7348   0.8610    1.37E+21
   82.3405 -69.6530   0.8350    1.34E+21
   82.3919 -69.5711   0.8166    1.20E+21
   82.4428 -69.4892   0.8063    9.97E+20
   82.4931 -69.4073   0.8044    8.86E+20
   82.5428 -69.3253   0.8110    9.47E+20
   82.5920 -69.2433   0.8260    1.19E+21
   82.6406 -69.1613   0.8488    1.57E+21
   82.6886 -69.0792   0.8788    1.83E+21
   82.7361 -68.9970   0.9154    1.88E+21
   82.7830 -68.9149   0.9578    1.74E+21
   82.8294 -68.8327   1.0053    1.74E+21
   82.8753 -68.7504   1.0571    1.93E+21
   82.9206 -68.6682   1.1127    2.40E+21
   82.9655 -68.5858   1.1715    3.36E+21
   83.0098 -68.5035   1.2331    3.62E+21
   83.0536 -68.4211   1.2971    3.76E+21
   83.0969 -68.3387   1.3631    3.69E+21
   83.1397 -68.2562   1.4309    3.41E+21
   83.1820 -68.1737   1.5003    3.11E+21
   83.2238 -68.0912   1.5709    2.65E+21
   83.2652 -68.0086   1.6427    2.34E+21
   83.3060 -67.9260   1.7155    2.15E+21
   83.3464 -67.8434   1.7893    2.13E+21
   83.3863 -67.7607   1.8638    2.27E+21
   83.4258 -67.6780   1.9390    2.34E+21
   83.4648 -67.5953   2.0148    2.37E+21
   83.5033 -67.5125   2.0912    2.26E+21
   83.5414 -67.4297   2.1681    2.02E+21
   80.5617 -72.3130   3.0548    1.42E+21
   80.6356 -72.2326   2.9755    1.39E+21
   80.7085 -72.1521   2.8965    1.40E+21
   80.7806 -72.0716   2.8177    1.48E+21
   80.8519 -71.9911   2.7391    1.63E+21
   80.9223 -71.9105   2.6609    1.75E+21
   80.9920 -71.8298   2.5829    1.86E+21
   81.0608 -71.7491   2.5052    2.02E+21
   81.1288 -71.6684   2.4279    2.22E+21
   81.1960 -71.5875   2.3510    2.30E+21
   81.2625 -71.5067   2.2746    2.29E+21
   81.3282 -71.4258   2.1985    2.28E+21
   81.3931 -71.3448   2.1231    2.31E+21
   81.4573 -71.2638   2.0481    2.26E+21
   81.5207 -71.1827   1.9739    2.18E+21
   81.5834 -71.1016   1.9003    2.08E+21
   81.6454 -71.0204   1.8275    1.98E+21
   81.7066 -70.9392   1.7556    1.85E+21
   81.7672 -70.8579   1.6847    1.66E+21
   81.8271 -70.7766   1.6150    1.46E+21
   81.8862 -70.6953   1.5465    1.30E+21
   81.9447 -70.6139   1.4795    1.25E+21
   82.0025 -70.5324   1.4142    1.27E+21
   82.0597 -70.4509   1.3507    1.33E+21
   82.1162 -70.3694   1.2895    1.44E+21
   82.1720 -70.2878   1.2308    1.53E+21
   82.2273 -70.2062   1.1750    1.58E+21
   82.2818 -70.1245   1.1225    1.55E+21
   82.3358 -70.0428   1.0738    1.46E+21
   82.3891 -69.9611   1.0295    1.45E+21
   82.4418 -69.8793   0.9902    1.48E+21
   82.4939 -69.7974   0.9564    1.54E+21
   82.5454 -69.7155   0.9287    1.52E+21
   82.5963 -69.6336   0.9078    1.45E+21
   82.6467 -69.5517   0.8941    1.28E+21
   82.6964 -69.4697   0.8879    1.09E+21
   82.7456 -69.3876   0.8894    1.03E+21
   82.7942 -69.3055   0.8986    1.21E+21
   82.8423 -69.2234   0.9152    1.55E+21
   82.8898 -69.1413   0.9388    1.90E+21
   82.9367 -69.0591   0.9690    2.11E+21
   82.9832 -68.9768   1.0051    2.12E+21
   83.0290 -68.8946   1.0465    2.02E+21
   83.0744 -68.8123   1.0926    2.11E+21
   83.1192 -68.7299   1.1429    2.33E+21
   83.1635 -68.6475   1.1968    2.66E+21
   83.2073 -68.5651   1.2539    3.10E+21
   83.2506 -68.4827   1.3137    3.34E+21
   83.2934 -68.4002   1.3759    3.71E+21
   83.3357 -68.3177   1.4403    3.64E+21
   83.3775 -68.2351   1.5064    3.30E+21
   83.4188 -68.1525   1.5741    2.95E+21
   83.4596 -68.0699   1.6433    2.51E+21
   83.5000 -67.9872   1.7136    2.25E+21
   83.5399 -67.9045   1.7851    2.13E+21
   83.5793 -67.8218   1.8575    2.15E+21
   83.6183 -67.7390   1.9307    2.26E+21
   83.6568 -67.6562   2.0048    2.44E+21
   83.6948 -67.5734   2.0795    2.48E+21
   83.7325 -67.4905   2.1548    2.34E+21
   80.7869 -72.3778   3.1234    1.53E+21
   80.8601 -72.2973   3.0448    1.50E+21
   80.9324 -72.2168   2.9664    1.50E+21
   81.0039 -72.1362   2.8883    1.52E+21
   81.0746 -72.0556   2.8104    1.62E+21
   81.1444 -71.9749   2.7329    1.77E+21
   81.2134 -71.8941   2.6557    1.91E+21
   81.2816 -71.8133   2.5788    2.04E+21
   81.3490 -71.7325   2.5024    2.22E+21
   81.4156 -71.6516   2.4263    2.37E+21
   81.4815 -71.5706   2.3508    2.41E+21
   81.5465 -71.4896   2.2757    2.40E+21
   81.6109 -71.4086   2.2012    2.40E+21
   81.6744 -71.3275   2.1273    2.40E+21
   81.7373 -71.2463   2.0541    2.38E+21
   81.7994 -71.1651   1.9816    2.37E+21
   81.8608 -71.0839   1.9099    2.33E+21
   81.9214 -71.0026   1.8392    2.18E+21
   81.9814 -70.9212   1.7695    1.93E+21
   82.0407 -70.8398   1.7010    1.66E+21
   82.0993 -70.7584   1.6338    1.42E+21
   82.1572 -70.6769   1.5681    1.23E+21
   82.2144 -70.5954   1.5041    1.17E+21
   82.2710 -70.5138   1.4420    1.17E+21
   82.3269 -70.4322   1.3820    1.26E+21
   82.3822 -70.3506   1.3244    1.43E+21
   82.4368 -70.2689   1.2697    1.52E+21
   82.4908 -70.1871   1.2180    1.56E+21
   82.5442 -70.1053   1.1700    1.51E+21
   82.5969 -70.0235   1.1260    1.47E+21
   82.6491 -69.9416   1.0865    1.56E+21
   82.7006 -69.8597   1.0520    1.70E+21
   82.7516 -69.7778   1.0230    1.76E+21
   82.8020 -69.6958   1.0001    1.71E+21
   82.8517 -69.6137   0.9836    1.61E+21
   82.9009 -69.5317   0.9739    1.40E+21
   82.9496 -69.4496   0.9711    1.23E+21
   82.9976 -69.3674   0.9754    1.25E+21
   83.0451 -69.2852   0.9866    1.55E+21
   83.0921 -69.2030   1.0045    1.96E+21
   83.1385 -69.1207   1.0288    2.41E+21
   83.1844 -69.0384   1.0590    2.62E+21
   83.2297 -68.9561   1.0947    2.50E+21
   83.2745 -68.8737   1.1353    2.32E+21
   83.3188 -68.7913   1.1803    2.34E+21
   83.3626 -68.7089   1.2292    2.46E+21
   83.4059 -68.6264   1.2816    2.65E+21
   83.4487 -68.5439   1.3371    2.79E+21
   83.4909 -68.4613   1.3953    2.78E+21
   83.5327 -68.3787   1.4560    2.92E+21
   83.5740 -68.2961   1.5187    2.92E+21
   83.6148 -68.2135   1.5832    2.84E+21
   83.6551 -68.1308   1.6495    2.65E+21
   83.6950 -68.0480   1.7171    2.36E+21
   83.7344 -67.9653   1.7861    2.21E+21
   83.7733 -67.8825   1.8562    2.15E+21
   83.8117 -67.7997   1.9273    2.21E+21
   83.8497 -67.7168   1.9994    2.40E+21
   83.8873 -67.6339   2.0722    2.64E+21
   83.9244 -67.5510   2.1458    2.75E+21
   81.0137 -72.4423   3.1935    1.61E+21
   81.0862 -72.3617   3.1155    1.61E+21
   81.1579 -72.2811   3.0378    1.61E+21
   81.2288 -72.2004   2.9604    1.62E+21
   81.2988 -72.1197   2.8833    1.70E+21
   81.3680 -72.0389   2.8065    1.84E+21
   81.4363 -71.9581   2.7300    2.02E+21
   81.5039 -71.8772   2.6540    2.15E+21
   81.5707 -71.7962   2.5784    2.29E+21
   81.6367 -71.7152   2.5032    2.42E+21
   81.7019 -71.6342   2.4285    2.51E+21
   81.7664 -71.5531   2.3543    2.53E+21
   81.8301 -71.4720   2.2808    2.49E+21
   81.8930 -71.3908   2.2079    2.46E+21
   81.9552 -71.3096   2.1357    2.44E+21
   82.0167 -71.2283   2.0642    2.44E+21
   82.0775 -71.1469   1.9937    2.43E+21
   82.1376 -71.0656   1.9241    2.36E+21
   82.1969 -70.9841   1.8556    2.15E+21
   82.2556 -70.9027   1.7882    1.84E+21
   82.3136 -70.8212   1.7222    1.58E+21
   82.3709 -70.7396   1.6577    1.26E+21
   82.4276 -70.6580   1.5949    1.10E+21
   82.4835 -70.5763   1.5339    1.07E+21
   82.5389 -70.4947   1.4750    1.14E+21
   82.5936 -70.4129   1.4185    1.33E+21
   82.6476 -70.3311   1.3646    1.50E+21
   82.7010 -70.2493   1.3138    1.58E+21
   82.7538 -70.1675   1.2663    1.57E+21
   82.8060 -70.0856   1.2225    1.53E+21
   82.8576 -70.0036   1.1829    1.58E+21
   82.9086 -69.9216   1.1478    1.74E+21
   82.9589 -69.8396   1.1178    1.88E+21
   83.0087 -69.7576   1.0932    1.90E+21
   83.0579 -69.6755   1.0744    1.87E+21
   83.1066 -69.5933   1.0617    1.77E+21
   83.1547 -69.5111   1.0554    1.63E+21
   83.2022 -69.4289   1.0555    1.54E+21
   83.2491 -69.3467   1.0621    1.68E+21
   83.2955 -69.2644   1.0750    2.03E+21
   83.3414 -69.1820   1.0940    2.50E+21
   83.3867 -69.0997   1.1188    3.01E+21
   83.4315 -69.0173   1.1491    3.10E+21
   83.4758 -68.9348   1.1843    2.80E+21
   83.5196 -68.8524   1.2242    2.51E+21
   83.5628 -68.7699   1.2682    2.38E+21
   83.6055 -68.6873   1.3159    2.32E+21
   83.6478 -68.6047   1.3670    2.26E+21
   83.6895 -68.5221   1.4211    2.29E+21
   83.7308 -68.4395   1.4778    2.43E+21
   83.7715 -68.3568   1.5369    2.59E+21
   83.8118 -68.2741   1.5982    2.67E+21
   83.8516 -68.1913   1.6613    2.59E+21
   83.8909 -68.1085   1.7260    2.34E+21
   83.9298 -68.0257   1.7923    2.14E+21
   83.9682 -67.9429   1.8599    2.06E+21
   84.0062 -67.8600   1.9287    2.09E+21
   84.0437 -67.7771   1.9986    2.31E+21
   84.0807 -67.6941   2.0695    2.57E+21
   84.1173 -67.6112   2.1412    2.85E+21
   81.2420 -72.5064   3.2650    1.66E+21
   81.3139 -72.4257   3.1876    1.70E+21
   81.3850 -72.3450   3.1106    1.71E+21
   81.4552 -72.2642   3.0339    1.71E+21
   81.5245 -72.1834   2.9575    1.74E+21
   81.5931 -72.1025   2.8815    1.85E+21
   81.6608 -72.0216   2.8058    2.01E+21
   81.7277 -71.9406   2.7306    2.21E+21
   81.7939 -71.8596   2.6558    2.36E+21
   81.8592 -71.7785   2.5814    2.48E+21
   81.9238 -71.6974   2.5076    2.56E+21
   81.9876 -71.6162   2.4344    2.59E+21
   82.0507 -71.5350   2.3617    2.56E+21
   82.1130 -71.4537   2.2898    2.50E+21
   82.1746 -71.3724   2.2186    2.48E+21
   82.2355 -71.2911   2.1482    2.48E+21
   82.2957 -71.2096   2.0786    2.54E+21
   82.3551 -71.1282   2.0101    2.54E+21
   82.4139 -71.0467   1.9427    2.38E+21
   82.4719 -70.9651   1.8764    2.07E+21
   82.5293 -70.8835   1.8115    1.74E+21
   82.5860 -70.8019   1.7481    1.45E+21
   82.6420 -70.7202   1.6864    1.21E+21
   82.6974 -70.6385   1.6264    1.15E+21
   82.7521 -70.5567   1.5686    1.21E+21
   82.8062 -70.4749   1.5130    1.35E+21
   82.8597 -70.3931   1.4599    1.55E+21
   82.9125 -70.3112   1.4097    1.66E+21
   82.9647 -70.2292   1.3627    1.68E+21
   83.0163 -70.1473   1.3191    1.65E+21
   83.0673 -70.0653   1.2794    1.67E+21
   83.1177 -69.9832   1.2438    1.83E+21
   83.1675 -69.9011   1.2129    2.03E+21
   83.2167 -69.8190   1.1869    2.16E+21
   83.2653 -69.7368   1.1662    2.12E+21
   83.3134 -69.6546   1.1510    2.08E+21
   83.3609 -69.5724   1.1417    1.98E+21
   83.4079 -69.4901   1.1382    1.85E+21
   83.4542 -69.4077   1.1408    1.84E+21
   83.5001 -69.3254   1.1493    2.16E+21
   83.5454 -69.2430   1.1636    2.74E+21
   83.5902 -69.1606   1.1835    3.44E+21
   83.6344 -69.0781   1.2087    3.72E+21
   83.6781 -68.9956   1.2390    3.68E+21
   83.7213 -68.9130   1.2739    3.02E+21
   83.7640 -68.8305   1.3131    2.60E+21
   83.8062 -68.7479   1.3562    2.39E+21
   83.8479 -68.6652   1.4029    2.26E+21
   83.8891 -68.5825   1.4528    2.14E+21
   83.9298 -68.4998   1.5056    2.07E+21
   83.9701 -68.4171   1.5610    1.95E+21
   84.0098 -68.3343   1.6187    1.94E+21
   84.0491 -68.2515   1.6786    1.78E+21
   84.0879 -68.1687   1.7403    1.72E+21
   84.1262 -68.0858   1.8037    1.76E+21
   84.1641 -68.0029   1.8686    1.84E+21
   84.2016 -67.9199   1.9350    1.86E+21
   84.2386 -67.8370   2.0025    2.00E+21
   84.2751 -67.7540   2.0712    2.19E+21
   84.3112 -67.6709   2.1409    2.35E+21
   81.4720 -72.5701   3.3378    1.63E+21
   81.5433 -72.4893   3.2612    1.68E+21
   81.6136 -72.4085   3.1848    1.71E+21
   81.6832 -72.3277   3.1088    1.70E+21
   81.7519 -72.2468   3.0331    1.70E+21
   81.8197 -72.1658   2.9578    1.75E+21
   81.8868 -72.0848   2.8829    1.90E+21
   81.9531 -72.0037   2.8085    2.09E+21
   82.0186 -71.9226   2.7345    2.30E+21
   82.0833 -71.8414   2.6610    2.43E+21
   82.1472 -71.7602   2.5880    2.54E+21
   82.2104 -71.6790   2.5156    2.62E+21
   82.2728 -71.5977   2.4439    2.66E+21
   82.3345 -71.5163   2.3729    2.63E+21
   82.3954 -71.4349   2.3026    2.56E+21
   82.4557 -71.3535   2.2332    2.54E+21
   82.5152 -71.2720   2.1647    2.58E+21
   82.5740 -71.1904   2.0972    2.68E+21
   82.6321 -71.1088   2.0307    2.61E+21
   82.6896 -71.0272   1.9655    2.33E+21
   82.7463 -70.9455   1.9017    1.93E+21
   82.8024 -70.8638   1.8393    1.64E+21
   82.8578 -70.7821   1.7785    1.43E+21
   82.9126 -70.7003   1.7195    1.27E+21
   82.9667 -70.6184   1.6626    1.26E+21
   83.0202 -70.5365   1.6078    1.34E+21
   83.0730 -70.4546   1.5555    1.50E+21
   83.1252 -70.3727   1.5058    1.75E+21
   83.1768 -70.2906   1.4592    1.93E+21
   83.2278 -70.2086   1.4158    2.03E+21
   83.2782 -70.1265   1.3760    2.06E+21
   83.3280 -70.0444   1.3400    2.14E+21
   83.3772 -69.9622   1.3083    2.28E+21
   83.4259 -69.8800   1.2811    2.42E+21
   83.4739 -69.7978   1.2588    2.46E+21
   83.5214 -69.7155   1.2415    2.41E+21
   83.5683 -69.6332   1.2296    2.48E+21
   83.6147 -69.5508   1.2231    2.38E+21
   83.6605 -69.4684   1.2221    2.22E+21
   83.7058 -69.3860   1.2267    2.25E+21
   83.7505 -69.3036   1.2369    2.66E+21
   83.7947 -69.2211   1.2523    3.24E+21
   83.8384 -69.1385   1.2730    3.88E+21
   83.8816 -69.0560   1.2986    4.07E+21
   83.9242 -68.9734   1.3289    3.83E+21
   83.9663 -68.8907   1.3635    3.31E+21
   84.0080 -68.8081   1.4021    2.79E+21
   84.0491 -68.7254   1.4444    2.53E+21
   84.0898 -68.6426   1.4901    2.24E+21
   84.1299 -68.5598   1.5390    1.95E+21
   84.1696 -68.4770   1.5906    1.74E+21
   84.2088 -68.3942   1.6447    1.52E+21
   84.2476 -68.3113   1.7012    1.42E+21
   84.2859 -68.2284   1.7597    1.30E+21
   84.3237 -68.1455   1.8202    1.35E+21
   84.3610 -68.0625   1.8823    1.50E+21
   84.3979 -67.9795   1.9460    1.60E+21
   84.4344 -67.8965   2.0111    1.68E+21
   84.4704 -67.8134   2.0774    1.85E+21
   84.5060 -67.7304   2.1449    1.99E+21
   81.7037 -72.6334   3.4120    1.50E+21
   81.7742 -72.5526   3.3360    1.55E+21
   81.8439 -72.4717   3.2603    1.59E+21
   81.9127 -72.3907   3.1850    1.60E+21
   81.9807 -72.3097   3.1100    1.59E+21
   82.0479 -72.2287   3.0354    1.61E+21
   82.1143 -72.1476   2.9613    1.69E+21
   82.1799 -72.0664   2.8876    1.87E+21
   82.2447 -71.9852   2.8144    2.09E+21
   82.3088 -71.9040   2.7417    2.27E+21
   82.3721 -71.8227   2.6696    2.40E+21
   82.4346 -71.7413   2.5981    2.53E+21
   82.4963 -71.6599   2.5272    2.61E+21
   82.5574 -71.5785   2.4571    2.67E+21
   82.6177 -71.4970   2.3877    2.63E+21
   82.6772 -71.4155   2.3192    2.65E+21
   82.7361 -71.3339   2.2517    2.71E+21
   82.7943 -71.2523   2.1851    2.78E+21
   82.8518 -71.1706   2.1196    2.80E+21
   82.9086 -71.0889   2.0554    2.61E+21
   82.9647 -71.0072   1.9925    2.23E+21
   83.0201 -70.9254   1.9310    1.88E+21
   83.0749 -70.8435   1.8712    1.70E+21
   83.1290 -70.7617   1.8131    1.57E+21
   83.1825 -70.6798   1.7569    1.50E+21
   83.2354 -70.5978   1.7029    1.56E+21
   83.2876 -70.5158   1.6512    1.61E+21
   83.3392 -70.4338   1.6021    1.78E+21
   83.3902 -70.3517   1.5558    2.05E+21
   83.4406 -70.2696   1.5126    2.24E+21
   83.4904 -70.1874   1.4727    2.36E+21
   83.5396 -70.1052   1.4364    2.46E+21
   83.5882 -70.0230   1.4040    2.61E+21
   83.6362 -69.9407   1.3758    2.82E+21
   83.6837 -69.8584   1.3520    2.92E+21
   83.7306 -69.7760   1.3330    2.98E+21
   83.7769 -69.6937   1.3188    2.95E+21
   83.8227 -69.6112   1.3096    2.81E+21
   83.8679 -69.5288   1.3056    2.63E+21
   83.9126 -69.4463   1.3068    2.46E+21
   83.9567 -69.3638   1.3132    2.59E+21
   84.0004 -69.2812   1.3247    3.26E+21
   84.0435 -69.1986   1.3412    4.00E+21
   84.0861 -69.1160   1.3626    4.40E+21
   84.1282 -69.0333   1.3885    4.26E+21
   84.1697 -68.9506   1.4187    3.91E+21
   84.2108 -68.8679   1.4530    3.47E+21
   84.2514 -68.7851   1.4911    3.02E+21
   84.2915 -68.7023   1.5327    2.82E+21
   84.3311 -68.6195   1.5776    2.39E+21
   84.3702 -68.5366   1.6254    1.89E+21
   84.4089 -68.4537   1.6759    1.53E+21
   84.4471 -68.3708   1.7290    1.26E+21
   84.4848 -68.2878   1.7842    1.16E+21
   84.5221 -68.2048   1.8416    1.13E+21
   84.5589 -68.1218   1.9008    1.22E+21
   84.5953 -68.0388   1.9617    1.42E+21
   84.6312 -67.9557   2.0242    1.56E+21
   84.6667 -67.8726   2.0881    1.72E+21
   84.7018 -67.7894   2.1533    1.85E+21
   81.9369 -72.6964   3.4873    1.38E+21
   82.0067 -72.6154   3.4120    1.43E+21
   82.0757 -72.5344   3.3370    1.46E+21
   82.1439 -72.4534   3.2623    1.48E+21
   82.2112 -72.3723   3.1881    1.49E+21
   82.2777 -72.2912   3.1142    1.47E+21
   82.3434 -72.2100   3.0408    1.52E+21
   82.4083 -72.1287   2.9679    1.61E+21
   82.4724 -72.0475   2.8955    1.85E+21
   82.5358 -71.9661   2.8236    2.07E+21
   82.5984 -71.8847   2.7523    2.21E+21
   82.6602 -71.8033   2.6816    2.29E+21
   82.7213 -71.7218   2.6116    2.41E+21
   82.7817 -71.6403   2.5423    2.51E+21
   82.8413 -71.5587   2.4738    2.58E+21
   82.9002 -71.4771   2.4062    2.65E+21
   82.9584 -71.3955   2.3395    2.74E+21
   83.0160 -71.3138   2.2739    2.76E+21
   83.0728 -71.2320   2.2093    2.79E+21
   83.1289 -71.1502   2.1460    2.74E+21
   83.1844 -71.0684   2.0840    2.55E+21
   83.2392 -70.9866   2.0234    2.28E+21
   83.2933 -70.9046   1.9644    2.11E+21
   83.3468 -70.8227   1.9071    1.98E+21
   83.3997 -70.7407   1.8517    1.88E+21
   83.4519 -70.6587   1.7983    1.78E+21
   83.5035 -70.5766   1.7472    1.78E+21
   83.5545 -70.4945   1.6985    1.81E+21
   83.6048 -70.4123   1.6525    2.04E+21
   83.6546 -70.3301   1.6094    2.31E+21
   83.7038 -70.2479   1.5695    2.60E+21
   83.7523 -70.1656   1.5329    2.86E+21
   83.8003 -70.0833   1.4999    3.12E+21
   83.8478 -70.0010   1.4708    3.30E+21
   83.8946 -69.9186   1.4458    3.36E+21
   83.9409 -69.8362   1.4252    3.43E+21
   83.9866 -69.7538   1.4090    3.47E+21
   84.0318 -69.6713   1.3976    3.47E+21
   84.0764 -69.5888   1.3909    3.39E+21
   84.1205 -69.5062   1.3891    3.15E+21
   84.1641 -69.4236   1.3922    3.04E+21
   84.2071 -69.3410   1.4001    3.56E+21
   84.2497 -69.2583   1.4129    4.20E+21
   84.2917 -69.1756   1.4302    4.57E+21
   84.3332 -69.0929   1.4521    4.64E+21
   84.3742 -69.0101   1.4782    4.44E+21
   84.4147 -68.9273   1.5084    4.34E+21
   84.4547 -68.8445   1.5425    4.16E+21
   84.4942 -68.7616   1.5801    3.55E+21
   84.5333 -68.6788   1.6211    3.03E+21
   84.5719 -68.5958   1.6651    2.31E+21
   84.6100 -68.5129   1.7121    1.76E+21
   84.6476 -68.4299   1.7616    1.40E+21
   84.6848 -68.3469   1.8136    1.20E+21
   84.7215 -68.2638   1.8678    1.14E+21
   84.7578 -68.1807   1.9240    1.15E+21
   84.7936 -68.0976   1.9821    1.28E+21
   84.8290 -68.0145   2.0419    1.45E+21
   84.8640 -67.9313   2.1032    1.57E+21
   84.8985 -67.8481   2.1660    1.70E+21
   82.1718 -72.7589   3.5638    1.31E+21
   82.2409 -72.6779   3.4891    1.37E+21
   82.3092 -72.5968   3.4148    1.41E+21
   82.3766 -72.5157   3.3409    1.43E+21
   82.4432 -72.4345   3.2673    1.44E+21
   82.5090 -72.3533   3.1942    1.42E+21
   82.5740 -72.2720   3.1215    1.44E+21
   82.6382 -72.1907   3.0493    1.52E+21
   82.7017 -72.1093   2.9776    1.65E+21
   82.7643 -72.0279   2.9065    1.85E+21
   82.8262 -71.9464   2.8360    2.03E+21
   82.8874 -71.8649   2.7661    2.14E+21
   82.9478 -71.7833   2.6969    2.23E+21
   83.0074 -71.7017   2.6284    2.36E+21
   83.0664 -71.6201   2.5608    2.46E+21
   83.1246 -71.5384   2.4940    2.53E+21
   83.1822 -71.4567   2.4282    2.63E+21
   83.2390 -71.3749   2.3634    2.70E+21
   83.2952 -71.2931   2.2997    2.70E+21
   83.3506 -71.2112   2.2372    2.69E+21
   83.4054 -71.1293   2.1760    2.63E+21
   83.4596 -71.0473   2.1162    2.49E+21
   83.5131 -70.9654   2.0580    2.34E+21
   83.5659 -70.8833   2.0014    2.28E+21
   83.6181 -70.8013   1.9467    2.24E+21
   83.6697 -70.7192   1.8940    2.24E+21
   83.7207 -70.6370   1.8434    2.20E+21
   83.7710 -70.5548   1.7951    2.18E+21
   83.8207 -70.4726   1.7494    2.17E+21
   83.8698 -70.3903   1.7064    2.37E+21
   83.9184 -70.3080   1.6664    2.62E+21
   83.9663 -70.2257   1.6295    2.97E+21
   84.0137 -70.1433   1.5960    3.32E+21
   84.0605 -70.0609   1.5662    3.69E+21
   84.1067 -69.9785   1.5401    3.90E+21
   84.1524 -69.8960   1.5181    4.01E+21
   84.1975 -69.8135   1.5002    4.26E+21
   84.2421 -69.7309   1.4867    4.54E+21
   84.2861 -69.6483   1.4777    4.54E+21
   84.3296 -69.5657   1.4732    4.34E+21
   84.3726 -69.4831   1.4734    4.14E+21
   84.4150 -69.4004   1.4781    4.24E+21
   84.4570 -69.3176   1.4874    4.59E+21
   84.4984 -69.2349   1.5011    4.91E+21
   84.5393 -69.1521   1.5193    4.95E+21
   84.5797 -69.0693   1.5416    4.81E+21
   84.6196 -68.9864   1.5679    4.67E+21
   84.6591 -68.9035   1.5981    4.68E+21
   84.6980 -68.8206   1.6319    4.43E+21
   84.7365 -68.7377   1.6691    3.76E+21
   84.7745 -68.6547   1.7095    3.14E+21
   84.8121 -68.5717   1.7528    2.31E+21
   84.8491 -68.4886   1.7989    1.77E+21
   84.8858 -68.4055   1.8476    1.37E+21
   84.9219 -68.3224   1.8986    1.21E+21
   84.9576 -68.2393   1.9517    1.21E+21
   84.9929 -68.1561   2.0069    1.25E+21
   85.0278 -68.0729   2.0639    1.37E+21
   85.0622 -67.9897   2.1226    1.49E+21
   85.0962 -67.9065   2.1829    1.63E+21
   82.4083 -72.8211   3.6414    1.26E+21
   82.4767 -72.7400   3.5674    1.35E+21
   82.5442 -72.6588   3.4937    1.43E+21
   82.6109 -72.5776   3.4204    1.48E+21
   82.6768 -72.4963   3.3476    1.51E+21
   82.7419 -72.4150   3.2751    1.52E+21
   82.8062 -72.3336   3.2031    1.50E+21
   82.8697 -72.2522   3.1317    1.52E+21
   82.9324 -72.1707   3.0607    1.59E+21
   82.9943 -72.0892   2.9903    1.72E+21
   83.0555 -72.0077   2.9206    1.93E+21
   83.1160 -71.9261   2.8515    2.09E+21
   83.1757 -71.8444   2.7831    2.14E+21
   83.2347 -71.7628   2.7154    2.19E+21
   83.2929 -71.6810   2.6486    2.30E+21
   83.3505 -71.5993   2.5826    2.40E+21
   83.4073 -71.5174   2.5176    2.54E+21
   83.4635 -71.4356   2.4536    2.65E+21
   83.5189 -71.3537   2.3907    2.72E+21
   83.5737 -71.2718   2.3290    2.76E+21
   83.6279 -71.1898   2.2686    2.77E+21
   83.6813 -71.1077   2.2096    2.73E+21
   83.7342 -71.0257   2.1520    2.68E+21
   83.7863 -70.9436   2.0962    2.64E+21
   83.8379 -70.8614   2.0421    2.62E+21
   83.8888 -70.7793   1.9899    2.59E+21
   83.9391 -70.6970   1.9397    2.53E+21
   83.9888 -70.6148   1.8918    2.45E+21
   84.0379 -70.5325   1.8464    2.41E+21
   84.0863 -70.4502   1.8035    2.54E+21
   84.1342 -70.3678   1.7634    2.88E+21
   84.1815 -70.2854   1.7263    3.18E+21
   84.2283 -70.2030   1.6923    3.73E+21
   84.2744 -70.1205   1.6618    4.16E+21
   84.3200 -70.0380   1.6348    4.66E+21
   84.3651 -69.9554   1.6115    5.02E+21
   84.4096 -69.8728   1.5921    5.09E+21
   84.4535 -69.7902   1.5769    5.28E+21
   84.4969 -69.7076   1.5657    5.37E+21
   84.5398 -69.6249   1.5589    5.34E+21
   84.5822 -69.5422   1.5564    4.97E+21
   84.6240 -69.4594   1.5582    4.61E+21
   84.6654 -69.3766   1.5644    4.68E+21
   84.7062 -69.2938   1.5749    4.97E+21
   84.7465 -69.2109   1.5896    5.18E+21
   84.7863 -69.1281   1.6083    5.22E+21
   84.8257 -69.0451   1.6310    5.24E+21
   84.8645 -68.9622   1.6576    5.29E+21
   84.9029 -68.8792   1.6877    5.33E+21
   84.9408 -68.7962   1.7213    4.90E+21
   84.9782 -68.7132   1.7581    4.03E+21
   85.0152 -68.6301   1.7979    3.16E+21
   85.0517 -68.5470   1.8406    2.23E+21
   85.0877 -68.4638   1.8859    1.69E+21
   85.1233 -68.3807   1.9337    1.35E+21
   85.1585 -68.2975   1.9838    1.27E+21
   85.1932 -68.2143   2.0361    1.33E+21
   85.2275 -68.1310   2.0902    1.40E+21
   85.2614 -68.0477   2.1463    1.55E+21
   85.2948 -67.9644   2.2040    1.68E+21
   82.6465 -72.8828   3.7201    1.27E+21
   82.7142 -72.8016   3.6467    1.34E+21
   82.7809 -72.7204   3.5737    1.45E+21
   82.8469 -72.6391   3.5010    1.55E+21
   82.9120 -72.5577   3.4288    1.62E+21
   82.9764 -72.4763   3.3571    1.65E+21
   83.0399 -72.3948   3.2858    1.65E+21
   83.1027 -72.3133   3.2150    1.64E+21
   83.1646 -72.2318   3.1448    1.68E+21
   83.2259 -72.1502   3.0751    1.76E+21
   83.2863 -72.0686   3.0061    1.94E+21
   83.3461 -71.9869   2.9377    2.11E+21
   83.4051 -71.9052   2.8701    2.20E+21
   83.4633 -71.8234   2.8032    2.22E+21
   83.5209 -71.7416   2.7371    2.27E+21
   83.5777 -71.6597   2.6719    2.39E+21
   83.6339 -71.5779   2.6077    2.56E+21
   83.6893 -71.4959   2.5444    2.77E+21
   83.7441 -71.4139   2.4823    2.89E+21
   83.7982 -71.3319   2.4213    2.98E+21
   83.8516 -71.2499   2.3616    3.04E+21
   83.9044 -71.1678   2.3033    3.00E+21
   83.9566 -71.0856   2.2465    2.89E+21
   84.0081 -71.0035   2.1912    2.82E+21
   84.0589 -70.9212   2.1377    2.80E+21
   84.1092 -70.8390   2.0860    2.80E+21
   84.1588 -70.7567   2.0363    2.86E+21
   84.2078 -70.6744   1.9887    2.94E+21
   84.2562 -70.5920   1.9434    3.20E+21
   84.3041 -70.5096   1.9007    3.43E+21
   84.3513 -70.4272   1.8605    3.73E+21
   84.3980 -70.3447   1.8232    3.96E+21
   84.4441 -70.2622   1.7888    4.36E+21
   84.4896 -70.1796   1.7576    4.83E+21
   84.5345 -70.0971   1.7298    5.15E+21
   84.5790 -70.0144   1.7054    5.51E+21
   84.6228 -69.9318   1.6847    5.78E+21
   84.6661 -69.8491   1.6678    5.87E+21
   84.7089 -69.7664   1.6549    5.95E+21
   84.7512 -69.6836   1.6459    5.84E+21
   84.7929 -69.6009   1.6410    5.56E+21
   84.8342 -69.5180   1.6403    5.17E+21
   84.8749 -69.4352   1.6436    4.89E+21
   84.9151 -69.3523   1.6511    4.98E+21
   84.9548 -69.2694   1.6626    5.17E+21
   84.9940 -69.1865   1.6781    5.34E+21
   85.0327 -69.1035   1.6974    5.42E+21
   85.0710 -69.0205   1.7205    5.42E+21
   85.1088 -68.9374   1.7471    5.46E+21
   85.1461 -68.8544   1.7772    5.35E+21
   85.1829 -68.7713   1.8106    4.65E+21
   85.2193 -68.6881   1.8470    3.93E+21
   85.2552 -68.6050   1.8863    3.03E+21
   85.2907 -68.5218   1.9284    2.13E+21
   85.3257 -68.4386   1.9730    1.64E+21
   85.3603 -68.3553   2.0201    1.48E+21
   85.3945 -68.2720   2.0693    1.53E+21
   85.4282 -68.1887   2.1207    1.60E+21
   85.4615 -68.1054   2.1739    1.70E+21
   85.4944 -68.0220   2.2290    1.78E+21
   82.8864 -72.9442   3.7998    1.31E+21
   82.9532 -72.8629   3.7270    1.36E+21
   83.0192 -72.7816   3.6546    1.43E+21
   83.0844 -72.7002   3.5826    1.55E+21
   83.1488 -72.6187   3.5110    1.66E+21
   83.2124 -72.5372   3.4399    1.74E+21
   83.2752 -72.4557   3.3693    1.81E+21
   83.3372 -72.3741   3.2992    1.85E+21
   83.3984 -72.2925   3.2297    1.87E+21
   83.4589 -72.2108   3.1608    1.90E+21
   83.5187 -72.1291   3.0924    2.01E+21
   83.5776 -72.0473   3.0248    2.17E+21
   83.6359 -71.9655   2.9579    2.32E+21
   83.6934 -71.8837   2.8917    2.42E+21
   83.7503 -71.8018   2.8264    2.51E+21
   83.8064 -71.7198   2.7619    2.59E+21
   83.8618 -71.6379   2.6984    2.72E+21
   83.9166 -71.5559   2.6358    2.85E+21
   83.9706 -71.4738   2.5744    3.00E+21
   84.0240 -71.3917   2.5141    3.12E+21
   84.0768 -71.3096   2.4551    3.25E+21
   84.1289 -71.2274   2.3974    3.43E+21
   84.1803 -71.1452   2.3412    3.53E+21
   84.2311 -71.0629   2.2865    3.42E+21
   84.2813 -70.9807   2.2335    3.51E+21
   84.3309 -70.8983   2.1823    3.47E+21
   84.3798 -70.8160   2.1330    3.32E+21
   84.4282 -70.7336   2.0857    3.35E+21
   84.4759 -70.6511   2.0406    3.59E+21
   84.5231 -70.5687   1.9979    3.94E+21
   84.5696 -70.4862   1.9577    4.28E+21
   84.6156 -70.4036   1.9202    4.61E+21
   84.6611 -70.3210   1.8854    4.92E+21
   84.7059 -70.2384   1.8537    5.34E+21
   84.7502 -70.1558   1.8251    5.50E+21
   84.7940 -70.0731   1.7998    5.72E+21
   84.8372 -69.9904   1.7779    5.92E+21
   84.8799 -69.9076   1.7596    6.10E+21
   84.9221 -69.8249   1.7449    6.18E+21
   84.9637 -69.7420   1.7341    6.02E+21
   85.0048 -69.6592   1.7270    5.67E+21
   85.0454 -69.5763   1.7239    5.28E+21
   85.0855 -69.4934   1.7247    4.90E+21
   85.1251 -69.4105   1.7294    4.69E+21
   85.1642 -69.3275   1.7380    4.77E+21
   85.2028 -69.2445   1.7504    4.98E+21
   85.2409 -69.1614   1.7666    5.25E+21
   85.2786 -69.0784   1.7865    5.38E+21
   85.3157 -68.9953   1.8098    5.35E+21
   85.3524 -68.9122   1.8366    5.46E+21
   85.3887 -68.8290   1.8666    5.21E+21
   85.4245 -68.7458   1.8998    4.51E+21
   85.4598 -68.6626   1.9359    3.90E+21
   85.4947 -68.5793   1.9748    2.73E+21
   85.5291 -68.4961   2.0163    2.17E+21
   85.5631 -68.4128   2.0603    1.81E+21
   85.5967 -68.3294   2.1066    1.83E+21
   85.6299 -68.2461   2.1550    2.03E+21
   85.6626 -68.1627   2.2056    2.04E+21
   85.6949 -68.0793   2.2580    2.05E+21
   83.1279 -73.0052   3.8804    1.34E+21
   83.1940 -72.9238   3.8082    1.38E+21
   83.2592 -72.8423   3.7365    1.43E+21
   83.3236 -72.7608   3.6651    1.50E+21
   83.3872 -72.6793   3.5942    1.60E+21
   83.4500 -72.5977   3.5237    1.70E+21
   83.5120 -72.5161   3.4538    1.84E+21
   83.5733 -72.4344   3.3843    1.97E+21
   83.6338 -72.3527   3.3155    2.02E+21
   83.6935 -72.2710   3.2472    2.05E+21
   83.7525 -72.1892   3.1796    2.12E+21
   83.8107 -72.1073   3.1126    2.25E+21
   83.8682 -72.0254   3.0464    2.38E+21
   83.9250 -71.9435   2.9809    2.51E+21
   83.9811 -71.8615   2.9162    2.65E+21
   84.0365 -71.7795   2.8525    2.77E+21
   84.0912 -71.6975   2.7896    2.91E+21
   84.1452 -71.6154   2.7278    3.07E+21
   84.1986 -71.5333   2.6670    3.21E+21
   84.2512 -71.4511   2.6074    3.40E+21
   84.3033 -71.3689   2.5490    3.61E+21
   84.3547 -71.2866   2.4920    3.81E+21
   84.4054 -71.2044   2.4363    4.01E+21
   84.4555 -71.1220   2.3821    4.08E+21
   84.5050 -71.0397   2.3296    4.11E+21
   84.5538 -70.9573   2.2788    4.14E+21
   84.6021 -70.8748   2.2298    4.20E+21
   84.6498 -70.7924   2.1828    4.06E+21
   84.6968 -70.7099   2.1379    4.30E+21
   84.7433 -70.6273   2.0953    4.53E+21
   84.7892 -70.5448   2.0550    4.77E+21
   84.8345 -70.4621   2.0173    4.94E+21
   84.8793 -70.3795   1.9822    5.14E+21
   84.9235 -70.2968   1.9500    5.36E+21
   84.9671 -70.2141   1.9207    5.52E+21
   85.0102 -70.1314   1.8945    5.58E+21
   85.0528 -70.0486   1.8715    5.62E+21
   85.0948 -69.9658   1.8519    5.67E+21
   85.1363 -69.8829   1.8358    5.75E+21
   85.1773 -69.8001   1.8232    5.57E+21
   85.2178 -69.7171   1.8142    5.21E+21
   85.2578 -69.6342   1.8090    4.76E+21
   85.2972 -69.5512   1.8074    4.47E+21
   85.3362 -69.4682   1.8096    4.30E+21
   85.3746 -69.3852   1.8156    4.30E+21
   85.4126 -69.3021   1.8252    4.52E+21
   85.4501 -69.2190   1.8384    4.74E+21
   85.4872 -69.1359   1.8552    5.05E+21
   85.5237 -69.0528   1.8755    5.19E+21
   85.5598 -68.9696   1.8992    5.26E+21
   85.5955 -68.8864   1.9260    5.39E+21
   85.6307 -68.8031   1.9560    4.98E+21
   85.6654 -68.7198   1.9890    4.50E+21
   85.6997 -68.6365   2.0247    3.83E+21
   85.7335 -68.5532   2.0632    2.93E+21
   85.7670 -68.4698   2.1042    2.62E+21
   85.7999 -68.3865   2.1475    2.47E+21
   85.8325 -68.3030   2.1932    2.47E+21
   85.8647 -68.2196   2.2409    2.49E+21
   85.8964 -68.1361   2.2907    2.37E+21
   83.3711 -73.0657   3.9620    1.37E+21
   83.4363 -72.9842   3.8904    1.42E+21
   83.5008 -72.9027   3.8192    1.47E+21
   83.5644 -72.8211   3.7485    1.51E+21
   83.6272 -72.7395   3.6782    1.57E+21
   83.6892 -72.6578   3.6083    1.63E+21
   83.7505 -72.5761   3.5390    1.75E+21
   83.8109 -72.4944   3.4702    1.90E+21
   83.8706 -72.4126   3.4020    2.04E+21
   83.9296 -72.3307   3.3344    2.10E+21
   83.9878 -72.2489   3.2674    2.16E+21
   84.0453 -72.1669   3.2011    2.24E+21
   84.1020 -72.0850   3.1355    2.35E+21
   84.1581 -72.0030   3.0707    2.50E+21
   84.2134 -71.9209   3.0067    2.66E+21
   84.2680 -71.8388   2.9436    2.88E+21
   84.3220 -71.7567   2.8814    3.11E+21
   84.3753 -71.6745   2.8203    3.31E+21
   84.4279 -71.5923   2.7601    3.43E+21
   84.4798 -71.5101   2.7011    3.57E+21
   84.5311 -71.4278   2.6433    3.73E+21
   84.5818 -71.3455   2.5868    3.99E+21
   84.6318 -71.2631   2.5317    4.24E+21
   84.6812 -71.1807   2.4780    4.48E+21
   84.7300 -71.0983   2.4259    4.57E+21
   84.7781 -71.0158   2.3755    4.55E+21
   84.8257 -70.9333   2.3268    4.52E+21
   84.8726 -70.8508   2.2801    4.48E+21
   84.9190 -70.7682   2.2354    4.49E+21
   84.9648 -70.6856   2.1928    4.67E+21
   85.0100 -70.6030   2.1525    4.85E+21
   85.0547 -70.5203   2.1145    5.07E+21
   85.0987 -70.4376   2.0792    5.19E+21
   85.1423 -70.3548   2.0464    5.29E+21
   85.1852 -70.2721   2.0165    5.33E+21
   85.2277 -70.1892   1.9895    5.29E+21
   85.2696 -70.1064   1.9656    5.18E+21
   85.3109 -70.0235   1.9448    5.16E+21
   85.3518 -69.9406   1.9273    5.10E+21
   85.3921 -69.8577   1.9132    5.00E+21
   85.4319 -69.7747   1.9025    4.74E+21
   85.4712 -69.6917   1.8953    4.33E+21
   85.5101 -69.6087   1.8916    3.98E+21
   85.5484 -69.5256   1.8915    3.96E+21
   85.5862 -69.4425   1.8950    4.09E+21
   85.6236 -69.3594   1.9020    4.32E+21
   85.6604 -69.2762   1.9125    4.57E+21
   85.6968 -69.1931   1.9265    4.63E+21
   85.7328 -69.1098   1.9439    4.77E+21
   85.7683 -69.0266   1.9645    4.83E+21
   85.8033 -68.9433   1.9884    5.11E+21
   85.8379 -68.8600   2.0154    5.17E+21
   85.8720 -68.7767   2.0453    4.89E+21
   85.9057 -68.6933   2.0780    4.56E+21
   85.9389 -68.6100   2.1135    3.76E+21
   85.9718 -68.5266   2.1516    3.06E+21
   86.0042 -68.4431   2.1921    2.78E+21
   86.0361 -68.3596   2.2349    2.75E+21
   86.0677 -68.2762   2.2799    2.75E+21
   86.0988 -68.1926   2.3269    2.66E+21
   83.6160 -73.1259   4.0444    1.37E+21
   83.6804 -73.0443   3.9734    1.43E+21
   83.7440 -72.9627   3.9028    1.48E+21
   83.8068 -72.8810   3.8327    1.54E+21
   83.8688 -72.7993   3.7630    1.57E+21
   83.9300 -72.7176   3.6938    1.62E+21
   83.9905 -72.6358   3.6250    1.69E+21
   84.0501 -72.5539   3.5569    1.84E+21
   84.1090 -72.4720   3.4893    2.00E+21
   84.1672 -72.3901   3.4223    2.13E+21
   84.2246 -72.3082   3.3560    2.21E+21
   84.2813 -72.2262   3.2903    2.29E+21
   84.3373 -72.1441   3.2254    2.34E+21
   84.3926 -72.0620   3.1612    2.43E+21
   84.4472 -71.9799   3.0978    2.53E+21
   84.5010 -71.8977   3.0353    2.70E+21
   84.5542 -71.8155   2.9738    2.93E+21
   84.6068 -71.7333   2.9132    3.21E+21
   84.6586 -71.6510   2.8536    3.42E+21
   84.7098 -71.5687   2.7952    3.67E+21
   84.7604 -71.4863   2.7380    3.90E+21
   84.8103 -71.4039   2.6820    4.09E+21
   84.8596 -71.3215   2.6273    4.35E+21
   84.9082 -71.2390   2.5741    4.58E+21
   84.9563 -71.1565   2.5224    4.73E+21
   85.0037 -71.0740   2.4724    4.74E+21
   85.0506 -70.9914   2.4240    4.69E+21
   85.0968 -70.9088   2.3775    4.67E+21
   85.1425 -70.8262   2.3329    4.74E+21
   85.1876 -70.7435   2.2904    4.88E+21
   85.2321 -70.6608   2.2500    5.09E+21
   85.2760 -70.5781   2.2119    5.26E+21
   85.3194 -70.4953   2.1762    5.35E+21
   85.3622 -70.4125   2.1431    5.34E+21
   85.4045 -70.3296   2.1126    5.30E+21
   85.4463 -70.2467   2.0849    5.19E+21
   85.4875 -70.1638   2.0601    4.98E+21
   85.5282 -70.0809   2.0382    4.82E+21
   85.5684 -69.9979   2.0195    4.53E+21
   85.6080 -69.9149   2.0039    4.38E+21
   85.6472 -69.8319   1.9916    4.31E+21
   85.6859 -69.7488   1.9827    4.12E+21
   85.7240 -69.6657   1.9770    3.92E+21
   85.7617 -69.5826   1.9748    3.89E+21
   85.7989 -69.4995   1.9760    4.06E+21
   85.8356 -69.4163   1.9806    4.38E+21
   85.8718 -69.3331   1.9886    4.61E+21
   85.9076 -69.2498   2.0000    4.65E+21
   85.9429 -69.1666   2.0146    4.58E+21
   85.9778 -69.0833   2.0325    4.68E+21
   86.0122 -68.9999   2.0535    4.86E+21
   86.0461 -68.9166   2.0776    5.14E+21
   86.0796 -68.8332   2.1046    5.07E+21
   86.1127 -68.7498   2.1345    4.87E+21
   86.1453 -68.6663   2.1671    4.47E+21
   86.1776 -68.5829   2.2023    3.84E+21
   86.2093 -68.4994   2.2399    3.45E+21
   86.2407 -68.4159   2.2800    3.23E+21
   86.2717 -68.3323   2.3222    3.06E+21
   86.3022 -68.2487   2.3667    2.87E+21
   83.8625 -73.1856   4.1277    1.34E+21
   83.9261 -73.1039   4.0573    1.40E+21
   83.9889 -73.0222   3.9872    1.45E+21
   84.0509 -72.9405   3.9177    1.51E+21
   84.1120 -72.8587   3.8486    1.57E+21
   84.1724 -72.7769   3.7799    1.64E+21
   84.2320 -72.6950   3.7118    1.72E+21
   84.2909 -72.6131   3.6443    1.85E+21
   84.3490 -72.5311   3.5773    1.99E+21
   84.4064 -72.4491   3.5109    2.13E+21
   84.4630 -72.3671   3.4452    2.24E+21
   84.5189 -72.2850   3.3801    2.31E+21
   84.5741 -72.2028   3.3158    2.34E+21
   84.6286 -72.1207   3.2522    2.37E+21
   84.6824 -72.0385   3.1894    2.43E+21
   84.7355 -71.9562   3.1275    2.54E+21
   84.7879 -71.8740   3.0666    2.76E+21
   84.8396 -71.7916   3.0066    3.02E+21
   84.8907 -71.7093   2.9476    3.29E+21
   84.9412 -71.6269   2.8897    3.55E+21
   84.9910 -71.5445   2.8330    3.83E+21
   85.0402 -71.4620   2.7775    4.09E+21
   85.0887 -71.3795   2.7233    4.38E+21
   85.1366 -71.2970   2.6705    4.68E+21
   85.1839 -71.2144   2.6192    4.99E+21
   85.2306 -71.1318   2.5694    5.11E+21
   85.2767 -71.0491   2.5213    5.05E+21
   85.3223 -70.9665   2.4750    4.87E+21
   85.3672 -70.8837   2.4306    4.82E+21
   85.4116 -70.8010   2.3881    4.86E+21
   85.4554 -70.7182   2.3476    5.01E+21
   85.4986 -70.6354   2.3094    5.13E+21
   85.5413 -70.5526   2.2735    5.23E+21
   85.5834 -70.4697   2.2399    5.28E+21
   85.6250 -70.3868   2.2089    5.21E+21
   85.6661 -70.3039   2.1805    5.07E+21
   85.7066 -70.2209   2.1549    4.69E+21
   85.7466 -70.1379   2.1321    4.31E+21
   85.7861 -70.0548   2.1122    3.88E+21
   85.8251 -69.9718   2.0954    3.79E+21
   85.8636 -69.8887   2.0816    3.99E+21
   85.9016 -69.8056   2.0710    4.09E+21
   85.9391 -69.7224   2.0636    4.12E+21
   85.9761 -69.6392   2.0594    4.19E+21
   86.0126 -69.5560   2.0586    4.29E+21
   86.0487 -69.4728   2.0609    4.60E+21
   86.0843 -69.3895   2.0666    4.92E+21
   86.1194 -69.3062   2.0755    4.98E+21
   86.1541 -69.2229   2.0876    4.81E+21
   86.1883 -69.1395   2.1028    4.68E+21
   86.2221 -69.0562   2.1211    4.74E+21
   86.2554 -68.9727   2.1425    4.87E+21
   86.2883 -68.8893   2.1667    5.00E+21
   86.3207 -68.8058   2.1938    5.00E+21
   86.3527 -68.7223   2.2236    4.75E+21
   86.3843 -68.6388   2.2560    4.31E+21
   86.4155 -68.5553   2.2909    3.74E+21
   86.4463 -68.4717   2.3282    3.43E+21
   86.4767 -68.3881   2.3679    3.19E+21
   86.5066 -68.3045   2.4096    2.95E+21
   84.1107 -73.2449   4.2118    1.30E+21
   84.1735 -73.1632   4.1419    1.36E+21
   84.2354 -73.0814   4.0725    1.41E+21
   84.2965 -72.9995   4.0034    1.44E+21
   84.3569 -72.9177   3.9349    1.51E+21
   84.4164 -72.8358   3.8668    1.56E+21
   84.4752 -72.7538   3.7993    1.64E+21
   84.5332 -72.6718   3.7323    1.76E+21
   84.5905 -72.5897   3.6659    1.88E+21
   84.6471 -72.5077   3.6001    2.04E+21
   84.7029 -72.4255   3.5350    2.20E+21
   84.7580 -72.3434   3.4705    2.30E+21
   84.8124 -72.2612   3.4067    2.35E+21
   84.8660 -72.1789   3.3438    2.37E+21
   84.9190 -72.0966   3.2816    2.42E+21
   84.9713 -72.0143   3.2202    2.49E+21
   85.0230 -71.9320   3.1598    2.63E+21
   85.0740 -71.8496   3.1003    2.86E+21
   85.1243 -71.7672   3.0419    3.12E+21
   85.1740 -71.6847   2.9845    3.36E+21
   85.2230 -71.6022   2.9283    3.66E+21
   85.2714 -71.5196   2.8732    4.02E+21
   85.3192 -71.4371   2.8195    4.36E+21
   85.3663 -71.3545   2.7671    4.62E+21
   85.4129 -71.2718   2.7161    4.92E+21
   85.4589 -71.1891   2.6667    5.16E+21
   85.5042 -71.1064   2.6188    5.20E+21
   85.5490 -71.0237   2.5727    5.07E+21
   85.5932 -70.9409   2.5283    4.93E+21
   85.6368 -70.8581   2.4859    4.82E+21
   85.6799 -70.7753   2.4454    4.76E+21
   85.7224 -70.6924   2.4070    4.84E+21
   85.7644 -70.6095   2.3708    4.93E+21
   85.8058 -70.5265   2.3369    5.03E+21
   85.8467 -70.4436   2.3054    5.08E+21
   85.8871 -70.3606   2.2764    5.00E+21
   85.9269 -70.2775   2.2500    4.79E+21
   85.9662 -70.1945   2.2263    4.35E+21
   86.0050 -70.1114   2.2054    4.01E+21
   86.0433 -70.0283   2.1874    3.74E+21
   86.0811 -69.9451   2.1723    3.88E+21
   86.1185 -69.8619   2.1602    4.26E+21
   86.1553 -69.7787   2.1512    4.58E+21
   86.1916 -69.6955   2.1452    4.89E+21
   86.2275 -69.6122   2.1424    5.21E+21
   86.2629 -69.5289   2.1427    5.31E+21
   86.2978 -69.4456   2.1462    5.47E+21
   86.3323 -69.3622   2.1528    5.36E+21
   86.3663 -69.2788   2.1625    5.10E+21
   86.3999 -69.1954   2.1753    4.80E+21
   86.4330 -69.1120   2.1910    4.71E+21
   86.4657 -69.0285   2.2098    4.78E+21
   86.4979 -68.9450   2.2314    4.89E+21
   86.5297 -68.8615   2.2558    4.91E+21
   86.5611 -68.7780   2.2829    4.76E+21
   86.5921 -68.6944   2.3126    4.46E+21
   86.6227 -68.6108   2.3449    3.91E+21
   86.6528 -68.5272   2.3795    3.46E+21
   86.6826 -68.4435   2.4165    3.19E+21
   86.7119 -68.3599   2.4557    2.90E+21
   84.3607 -73.3038   4.2967    1.28E+21
   84.4225 -73.2220   4.2273    1.32E+21
   84.4836 -73.1401   4.1584    1.37E+21
   84.5439 -73.0582   4.0899    1.41E+21
   84.6033 -72.9762   4.0220    1.45E+21
   84.6620 -72.8942   3.9545    1.48E+21
   84.7200 -72.8122   3.8875    1.54E+21
   84.7771 -72.7301   3.8211    1.62E+21
   84.8336 -72.6480   3.7552    1.73E+21
   84.8893 -72.5658   3.6900    1.85E+21
   84.9443 -72.4836   3.6254    2.03E+21
   84.9985 -72.4014   3.5615    2.17E+21
   85.0521 -72.3191   3.4983    2.27E+21
   85.1050 -72.2368   3.4358    2.30E+21
   85.1572 -72.1544   3.3742    2.36E+21
   85.2087 -72.0720   3.3134    2.45E+21
   85.2595 -71.9896   3.2535    2.56E+21
   85.3097 -71.9071   3.1945    2.74E+21
   85.3592 -71.8246   3.1366    2.98E+21
   85.4081 -71.7421   3.0797    3.23E+21
   85.4564 -71.6595   3.0239    3.47E+21
   85.5040 -71.5769   2.9693    3.80E+21
   85.5510 -71.4943   2.9159    4.21E+21
   85.5974 -71.4116   2.8639    4.45E+21
   85.6432 -71.3289   2.8132    4.67E+21
   85.6884 -71.2461   2.7641    4.92E+21
   85.7330 -71.1633   2.7164    5.10E+21
   85.7770 -71.0805   2.6705    5.15E+21
   85.8205 -70.9977   2.6262    5.06E+21
   85.8634 -70.9148   2.5838    4.89E+21
   85.9057 -70.8319   2.5432    4.77E+21
   85.9475 -70.7490   2.5047    4.73E+21
   85.9887 -70.6660   2.4683    4.83E+21
   86.0294 -70.5830   2.4341    4.90E+21
   86.0696 -70.5000   2.4021    4.94E+21
   86.1093 -70.4169   2.3726    4.83E+21
   86.1484 -70.3338   2.3455    4.65E+21
   86.1870 -70.2507   2.3210    4.37E+21
   86.2251 -70.1675   2.2991    3.99E+21
   86.2627 -70.0843   2.2800    3.84E+21
   86.2998 -70.0011   2.2636    3.92E+21
   86.3364 -69.9179   2.2502    4.28E+21
   86.3726 -69.8346   2.2396    4.67E+21
   86.4082 -69.7513   2.2320    5.07E+21
   86.4434 -69.6680   2.2274    5.41E+21
   86.4782 -69.5846   2.2258    5.59E+21
   86.5124 -69.5012   2.2273    5.67E+21
   86.5462 -69.4178   2.2317    5.66E+21
   86.5796 -69.3344   2.2392    5.48E+21
   86.6125 -69.2509   2.2496    5.19E+21
   86.6450 -69.1674   2.2630    4.90E+21
   86.6770 -69.0839   2.2793    4.77E+21
   86.7086 -69.0004   2.2983    4.78E+21
   86.7398 -68.9168   2.3202    4.75E+21
   86.7706 -68.8332   2.3447    4.57E+21
   86.8009 -68.7496   2.3719    4.29E+21
   86.8308 -68.6659   2.4015    3.92E+21
   86.8604 -68.5823   2.4336    3.51E+21
   86.8895 -68.4986   2.4681    3.24E+21
   86.9182 -68.4148   2.5048    3.00E+21
   84.6123 -73.3623   4.3823    1.29E+21
   84.6733 -73.2804   4.3135    1.32E+21
   84.7334 -73.1984   4.2451    1.35E+21
   84.7928 -73.1164   4.1772    1.39E+21
   84.8514 -73.0344   4.1097    1.43E+21
   84.9092 -72.9523   4.0427    1.45E+21
   84.9663 -72.8702   3.9763    1.46E+21
   85.0226 -72.7880   3.9104    1.49E+21
   85.0782 -72.7058   3.8451    1.55E+21
   85.1331 -72.6236   3.7804    1.60E+21
   85.1872 -72.5413   3.7164    1.73E+21
   85.2406 -72.4589   3.6530    1.88E+21
   85.2934 -72.3766   3.5903    2.03E+21
   85.3454 -72.2942   3.5284    2.12E+21
   85.3968 -72.2118   3.4673    2.18E+21
   85.4475 -72.1293   3.4070    2.29E+21
   85.4975 -72.0468   3.3476    2.41E+21
   85.5468 -71.9642   3.2891    2.53E+21
   85.5956 -71.8817   3.2316    2.74E+21
   85.6436 -71.7991   3.1752    2.97E+21
   85.6911 -71.7164   3.1198    3.24E+21
   85.7379 -71.6337   3.0656    3.57E+21
   85.7842 -71.5510   3.0126    3.91E+21
   85.8298 -71.4683   2.9609    4.18E+21
   85.8748 -71.3855   2.9105    4.39E+21
   85.9192 -71.3027   2.8616    4.56E+21
   85.9631 -71.2198   2.8142    4.82E+21
   86.0063 -71.1370   2.7684    4.99E+21
   86.0490 -71.0541   2.7242    4.98E+21
   86.0912 -70.9711   2.6818    4.88E+21
   86.1328 -70.8881   2.6412    4.75E+21
   86.1738 -70.8051   2.6026    4.68E+21
   86.2143 -70.7221   2.5659    4.68E+21
   86.2543 -70.6390   2.5314    4.71E+21
   86.2937 -70.5559   2.4990    4.79E+21
   86.3326 -70.4728   2.4689    4.78E+21
   86.3710 -70.3897   2.4412    4.54E+21
   86.4089 -70.3065   2.4159    4.36E+21
   86.4463 -70.2233   2.3932    4.12E+21
   86.4832 -70.1400   2.3730    3.99E+21
   86.5196 -70.0567   2.3555    4.09E+21
   86.5556 -69.9734   2.3408    4.36E+21
   86.5910 -69.8901   2.3289    4.73E+21
   86.6260 -69.8068   2.3197    5.08E+21
   86.6605 -69.7234   2.3135    5.51E+21
   86.6945 -69.6400   2.3101    5.74E+21
   86.7281 -69.5565   2.3097    5.80E+21
   86.7612 -69.4731   2.3121    5.84E+21
   86.7939 -69.3896   2.3175    5.67E+21
   86.8262 -69.3061   2.3257    5.34E+21
   86.8580 -69.2225   2.3368    4.97E+21
   86.8894 -69.1389   2.3508    4.74E+21
   86.9203 -69.0553   2.3675    4.63E+21
   86.9508 -68.9717   2.3869    4.58E+21
   86.9810 -68.8881   2.4090    4.44E+21
   87.0107 -68.8044   2.4336    4.10E+21
   87.0400 -68.7207   2.4608    3.74E+21
   87.0689 -68.6370   2.4904    3.48E+21
   87.0974 -68.5532   2.5223    3.31E+21
   87.1255 -68.4695   2.5565    3.16E+21
   84.8656 -73.4204   4.4686    1.33E+21
   84.9257 -73.3384   4.4003    1.33E+21
   84.9850 -73.2563   4.3325    1.35E+21
   85.0434 -73.1742   4.2650    1.39E+21
   85.1011 -73.0921   4.1981    1.42E+21
   85.1581 -73.0099   4.1317    1.44E+21
   85.2143 -72.9277   4.0657    1.44E+21
   85.2697 -72.8455   4.0004    1.45E+21
   85.3244 -72.7632   3.9356    1.48E+21
   85.3784 -72.6809   3.8714    1.50E+21
   85.4317 -72.5985   3.8079    1.55E+21
   85.4843 -72.5161   3.7450    1.64E+21
   85.5361 -72.4337   3.6828    1.73E+21
   85.5873 -72.3512   3.6214    1.85E+21
   85.6378 -72.2687   3.5608    1.93E+21
   85.6877 -72.1862   3.5010    2.00E+21
   85.7369 -72.1036   3.4420    2.13E+21
   85.7854 -72.0210   3.3840    2.27E+21
   85.8333 -71.9383   3.3270    2.42E+21
   85.8806 -71.8556   3.2709    2.66E+21
   85.9272 -71.7729   3.2160    2.95E+21
   85.9733 -71.6902   3.1622    3.22E+21
   86.0187 -71.6074   3.1095    3.57E+21
   86.0635 -71.5246   3.0581    3.90E+21
   86.1077 -71.4417   3.0080    4.09E+21
   86.1514 -71.3588   2.9594    4.20E+21
   86.1945 -71.2759   2.9121    4.28E+21
   86.2369 -71.1930   2.8664    4.49E+21
   86.2789 -71.1100   2.8223    4.57E+21
   86.3203 -71.0270   2.7799    4.51E+21
   86.3611 -70.9440   2.7393    4.48E+21
   86.4014 -70.8609   2.7005    4.38E+21
   86.4411 -70.7778   2.6637    4.35E+21
   86.4803 -70.6947   2.6288    4.38E+21
   86.5190 -70.6115   2.5961    4.35E+21
   86.5572 -70.5283   2.5655    4.41E+21
   86.5949 -70.4451   2.5372    4.35E+21
   86.6321 -70.3619   2.5112    4.25E+21
   86.6687 -70.2786   2.4876    4.19E+21
   86.7049 -70.1953   2.4665    4.18E+21
   86.7406 -70.1120   2.4480    4.29E+21
   86.7758 -70.0286   2.4321    4.50E+21
   86.8105 -69.9452   2.4188    4.70E+21
   86.8448 -69.8618   2.4083    4.87E+21
   86.8786 -69.7784   2.4005    5.11E+21
   86.9120 -69.6949   2.3955    5.31E+21
   86.9449 -69.6114   2.3932    5.23E+21
   86.9773 -69.5279   2.3938    5.12E+21
   87.0093 -69.4444   2.3972    4.85E+21
   87.0409 -69.3608   2.4034    4.67E+21
   87.0720 -69.2772   2.4124    4.53E+21
   87.1027 -69.1936   2.4241    4.45E+21
   87.1330 -69.1099   2.4386    4.37E+21
   87.1629 -69.0262   2.4557    4.34E+21
   87.1924 -68.9425   2.4754    4.33E+21
   87.2214 -68.8588   2.4977    4.13E+21
   87.2501 -68.7751   2.5224    3.76E+21
   87.2783 -68.6913   2.5496    3.50E+21
   87.3062 -68.6075   2.5792    3.35E+21
   87.3337 -68.5237   2.6110    3.30E+21
   85.1207 -73.4780   4.5557    1.34E+21
   85.1798 -73.3959   4.4879    1.34E+21
   85.2381 -73.3138   4.4205    1.35E+21
   85.2957 -73.2316   4.3536    1.37E+21
   85.3525 -73.1494   4.2872    1.41E+21
   85.4085 -73.0672   4.2212    1.42E+21
   85.4638 -72.9849   4.1558    1.43E+21
   85.5184 -72.9025   4.0909    1.45E+21
   85.5722 -72.8202   4.0266    1.47E+21
   85.6253 -72.7378   3.9629    1.50E+21
   85.6777 -72.6553   3.8999    1.50E+21
   85.7294 -72.5729   3.8375    1.54E+21
   85.7804 -72.4904   3.7758    1.58E+21
   85.8307 -72.4078   3.7149    1.65E+21
   85.8804 -72.3252   3.6547    1.73E+21
   85.9294 -72.2426   3.5954    1.82E+21
   85.9777 -72.1600   3.5369    1.91E+21
   86.0254 -72.0773   3.4793    2.04E+21
   86.0725 -71.9946   3.4227    2.18E+21
   86.1189 -71.9118   3.3670    2.31E+21
   86.1648 -71.8290   3.3124    2.53E+21
   86.2100 -71.7462   3.2590    2.82E+21
   86.2546 -71.6633   3.2066    3.03E+21
   86.2986 -71.5805   3.1555    3.37E+21
   86.3420 -71.4976   3.1057    3.73E+21
   86.3849 -71.4146   3.0573    3.86E+21
   86.4271 -71.3316   3.0102    3.87E+21
   86.4688 -71.2486   2.9646    3.92E+21
   86.5100 -71.1656   2.9206    4.00E+21
   86.5506 -71.0825   2.8782    3.83E+21
   86.5906 -70.9994   2.8375    3.74E+21
   86.6302 -70.9163   2.7986    3.64E+21
   86.6691 -70.8331   2.7615    3.63E+21
   86.7076 -70.7499   2.7264    3.64E+21
   86.7456 -70.6667   2.6933    3.73E+21
   86.7830 -70.5835   2.6622    3.86E+21
   86.8199 -70.5002   2.6334    4.06E+21
   86.8563 -70.4169   2.6067    4.09E+21
   86.8923 -70.3336   2.5824    4.05E+21
   86.9277 -70.2502   2.5604    4.06E+21
   86.9627 -70.1668   2.5409    4.15E+21
   86.9972 -70.0834   2.5239    4.21E+21
   87.0312 -70.0000   2.5094    4.27E+21
   87.0648 -69.9165   2.4976    4.27E+21
   87.0979 -69.8330   2.4883    4.25E+21
   87.1305 -69.7495   2.4818    4.41E+21
   87.1627 -69.6659   2.4779    4.37E+21
   87.1945 -69.5824   2.4768    4.39E+21
   87.2258 -69.4988   2.4783    4.39E+21
   87.2567 -69.4151   2.4826    4.29E+21
   87.2871 -69.3315   2.4895    4.21E+21
   87.3172 -69.2478   2.4992    4.14E+21
   87.3468 -69.1641   2.5115    4.11E+21
   87.3760 -69.0804   2.5264    4.04E+21
   87.4048 -68.9966   2.5438    3.88E+21
   87.4332 -68.9129   2.5638    3.73E+21
   87.4612 -68.8291   2.5863    3.49E+21
   87.4888 -68.7452   2.6112    3.33E+21
   87.5160 -68.6614   2.6384    3.22E+21
   87.5428 -68.5775   2.6678    3.27E+21